,AMM_1,AMM_2,AMM_3,AMM_4,AMM_5,AMM_6,AMO_1,AMO_2,AMO_3,AMO_4,AMO_5,AMO_6,AO_1,AO_2,AO_3,AO_4,AO_5,AO_6,AtlanticTripoleSST_1,AtlanticTripoleSST_2,AtlanticTripoleSST_3,AtlanticTripoleSST_4,AtlanticTripoleSST_5,AtlanticTripoleSST_6,BEST_1,BEST_2,BEST_3,BEST_4,BEST_5,BEST_6,CAR_1,CAR_2,CAR_3,CAR_4,CAR_5,CAR_6,EAWR_1,EAWR_2,EAWR_3,EAWR_4,EAWR_5,EAWR_6,EOFPAC_1,EOFPAC_2,EOFPAC_3,EOFPAC_4,EOFPAC_5,EOFPAC_6,EPNP_1,EPNP_2,EPNP_3,EPNP_4,EPNP_5,EPNP_6,GHT1_1,GHT1_2,GHT1_3,GHT1_4,GHT1_5,GHT1_6,IOD_1,IOD_2,IOD_3,IOD_4,IOD_5,IOD_6,LLW1_1,LLW1_2,LLW1_3,LLW1_4,LLW1_5,LLW1_6,LLW2_1,LLW2_2,LLW2_3,LLW2_4,LLW2_5,LLW2_6,MEI_1,MEI_2,MEI_3,MEI_4,MEI_5,MEI_6,MseaSSTindex_1,MseaSSTindex_2,MseaSSTindex_3,MseaSSTindex_4,MseaSSTindex_5,MseaSSTindex_6,NAO_1,NAO_2,NAO_3,NAO_4,NAO_5,NAO_6,Nina12_1,Nina12_2,Nina12_3,Nina12_4,Nina12_5,Nina12_6,Nina4_1,Nina4_2,Nina4_3,Nina4_4,Nina4_5,Nina4_6,Nino3_1,Nino3_2,Nino3_3,Nino3_4,Nino3_5,Nino3_6,Nino34_1,Nino34_2,Nino34_3,Nino34_4,Nino34_5,Nino34_6,NOI_1,NOI_2,NOI_3,NOI_4,NOI_5,NOI_6,NP_1,NP_2,NP_3,NP_4,NP_5,NP_6,NTA_1,NTA_2,NTA_3,NTA_4,NTA_5,NTA_6,ONI_1,ONI_2,ONI_3,ONI_4,ONI_5,ONI_6,PACWARM_1,PACWARM_2,PACWARM_3,PACWARM_4,PACWARM_5,PACWARM_6,PDO_1,PDO_2,PDO_3,PDO_4,PDO_5,PDO_6,PNA_1,PNA_2,PNA_3,PNA_4,PNA_5,PNA_6,QBO_1,QBO_2,QBO_3,QBO_4,QBO_5,QBO_6,SOI_1,SOI_2,SOI_3,SOI_4,SOI_5,SOI_6,Solarflux_1,Solarflux_2,Solarflux_3,Solarflux_4,Solarflux_5,Solarflux_6,TNA_1,TNA_2,TNA_3,TNA_4,TNA_5,TNA_6,TNI_1,TNI_2,TNI_3,TNI_4,TNI_5,TNI_6,TSA_1,TSA_2,TSA_3,TSA_4,TSA_5,TSA_6,WHWP_1,WHWP_2,WHWP_3,WHWP_4,WHWP_5,WHWP_6,WP_1,WP_2,WP_3,WP_4,WP_5,WP_6,Rainfall_7,Rainfall_8,Rainfall_9
1951,2.14,0.94,2.29,3.63,3.7,3.85,0.113,0.009,0.023,0.179,0.183,0.3,-0.085,-0.4,-1.934,-0.776,-0.863,-0.918,0.306,-0.438,0.298,1.184,0.775,1.146,-1.13,-0.69,-0.23,0.33,0.7,0.18,-99.9,-0.472,-0.582,-0.498,-0.334,-0.052,-0.74,-1.66,0.11,-2.31,0.93,1.91,-0.673,-0.534,-0.891,-0.108,0.183,0.589,-0.81,-1.32,0.2,0.02,-0.04,-0.62,-0.06,-0.012,-0.14,-0.024,-0.028,0.067,0.014,0.452,0.425,-0.29,0.119,0.032,-0.06,-0.089,0.002,-0.129,0.035,-0.131,0.055,-0.057,-0.039,-0.088,-0.119,-0.22,-1.069,-1.193,-1.208,-0.439,-0.305,0.438,0.531,0.59,0.802,0.579,0.586,0.438,-0.42,0.35,-1.47,-0.38,-0.5,-1.35,24.19,25.28,25.6,25.37,24.79,24.69,27.36,27.27,27.96,28.49,29.04,28.74,25,25.8,26.91,27.31,27.08,26.57,25.46,25.78,26.72,27.24,27.68,27.46,2.702,1.878,3.103,-3.88,-2.213,-0.903,1008.32,1011.16,1015.69,1011.91,1012.74,1014.2,-99.9,-0.176,-0.098,0.105,0.275,0.319,-0.79,-0.73,-0.34,-0.24,0.11,0.15,-0.331,-0.291,-0.358,-0.406,-0.439,-0.296,-1.54,-1.06,-1.9,-0.36,-0.25,-1.09,-1.18,-2.11,-1.09,0.47,1.19,-0.54,-6.01,-5.32,-1.93,0.91,2.26,-0.3,2.5,1.5,-0.2,-0.5,-1.1,0.3,1079,1019,1025,1271,1686,1617,0.06,-0.17,-0.07,0.17,0.14,0.17,1.315,1.461,1.59,1.457,1.615,1.627,-0.98,-0.7,-0.87,-0.51,-0.37,-0.26,-0.17,-0.3,-0.93,-0.7,-0.93,-0.56,-0.07,-0.58,-0.29,-0.19,0.7,0.1,91.42341559,136.0845138,105.9977843
1952,-2.89,-1.44,0.92,1.13,2.09,3.27,0.182,0.193,0.241,0.201,0.191,0.393,0.368,-1.747,-1.859,0.539,-0.774,-0.441,-0.373,0.258,0.778,0.3,0.784,1.679,0.64,0.56,0.07,0.72,-0.52,-0.75,0.311,0.252,0.154,0.272,0.226,0.258,-1.07,-1.46,0.16,0.12,0.24,-0.4,0.357,0.562,0.113,0.394,-0.125,-0.507,1.59,-1.09,-2.13,-2.44,0.06,-0.25,-0.006,-0.101,-0.093,-0.116,-0.07,0.138,0.313,0.471,0.383,0.369,0.195,0.191,-0.14,-0.036,0.049,0.078,0.173,-0.127,0.096,0.015,-0.049,-0.022,-0.011,-0.318,0.408,0.135,0.086,0.257,-0.289,-0.657,-0.144,0.175,0.008,0.347,0.414,-0.157,0.57,-1.38,-1.97,0.95,-0.99,-0.1,24.52,26.21,26.37,24.73,23.71,22.34,28.35,28.08,28.1,28.52,28.69,28.47,25.85,26.46,27.18,27.41,26.92,25.84,26.85,26.79,27.32,27.88,27.99,27.33,-1.444,2.156,1.74,-1.652,0.535,0.015,1010.38,1007.72,1014.06,1013.69,1015.81,1014.48,-0.516,-0.434,-0.274,-0.027,0.012,-0.015,0.59,0.27,0.24,0.38,0.39,0.01,-0.018,-0.059,-0.051,-0.104,-0.16,-0.107,-2.01,-0.46,-0.63,-1.05,-1,-1.43,-3.19,0.08,-0.69,0.89,-0.79,0.53,-6.8,-7.71,-6.99,-5.68,-4.76,-6,-1.5,-1,0.9,-0.4,1.2,1.2,954,862,785,840,809,848,-0.41,-0.15,-0.02,0.04,0.13,0.28,0.168,-0.293,-0.368,-0.374,-0.567,-0.718,0.06,-0.01,-0.08,-0.08,-0.19,0.07,-0.07,-0.26,-0.31,0.35,0.24,0.85,1.43,0.88,0.06,0.28,0.93,1.08,104.6876874,171.7378372,130.4448041
1953,3.16,2.8,1.32,2.12,2.34,1.45,0.276,0.196,0.152,0.324,0.353,0.286,-1.036,-0.249,1.068,-1.256,-0.562,0.023,1.747,1.423,0.701,1.294,1.105,0.99,0.18,0.5,0.5,0.81,1.78,0.6,-0.027,0,0.055,0.052,0.024,0.017,0.84,-0.25,1.73,-1.66,0.09,-0.71,0.274,0.476,0.539,1.331,0.621,0.655,0.24,-1.51,-2.29,-0.07,-0.63,3.88,0.074,-0.043,-0.024,0.114,0.007,0.172,0.305,0.283,0.468,-0.004,0.604,0.36,-0.237,-0.136,0.128,-0.316,-0.07,-0.006,0.232,0.153,0.114,-0.095,0.105,-0.047,0.022,0.382,0.263,0.711,0.83,0.227,0.208,0.18,-0.362,0.006,0.059,0.002,-0.12,-1,-0.45,-1.96,-0.56,1.41,24.15,26.34,27.36,27.03,25.47,23.49,28.31,28.26,28.1,28.53,28.92,29.18,25.77,26.74,27.57,27.91,27.39,26.77,26.85,27.19,27.68,28.19,28.29,28.02,1.742,7.614,2.595,-0.952,-0.631,1.682,1002.53,1008.16,1014.61,1010.4,1013.4,1017.13,0.307,0.075,-0.021,-0.026,0.128,0.098,0.59,0.66,0.59,0.68,0.7,0.71,-0.257,-0.168,-0.055,-0.275,-0.317,-0.285,-0.57,-0.07,-1.12,0.05,0.43,0.29,0.18,1.04,-0.44,0.78,1.14,-1.6,-2.94,-2.68,-1.22,1.3,2.69,1.86,0.5,-0.8,-0.3,0.3,-2.8,0.2,832,728,704,810,725,730,0.46,0.41,-0.04,0.18,0.11,0.13,-0.027,0.15,0.325,0.55,0.428,0.532,-0.15,-0.25,0.01,-0.29,-0.14,-0.1,-0.17,-0.12,0.57,1.58,0.09,0.48,-1.24,1.38,0.58,-1.86,-0.51,-0.57,134.3872134,156.4131785,82.7547896
1954,0.97,0.82,-0.17,-0.44,1.68,1.2,0.238,0.106,0.111,-0.003,0.08,0.11,-0.148,-0.181,0.476,0.512,-1.656,-0.268,0.685,0.293,0.351,-0.628,0.163,0.166,0,0.4,0.17,-0.31,-0.36,-0.45,0.069,0.021,0.017,0.031,-0.1,-0.08,0.52,0.03,0.48,-0.29,-2.13,0.58,0.092,-0.173,-0.226,-1.296,-1.033,-1.251,0.6,-1.75,1.51,0.08,0.2,-1.64,0.033,-0.057,-0.108,-0.053,-0.059,0.148,-0.29,0,-0.052,0.329,0.221,-0.009,-0.264,0.006,0.016,-0.028,0.038,0.059,0.145,0.206,0.132,0.096,-0.04,-0.096,-0.049,-0.017,0.178,-0.51,-1.433,-1.585,-0.601,-0.322,-0.148,-0.389,-0.516,0.388,-0.08,0.4,-1.27,1.31,-0.03,0.06,23.02,25,25.33,22.97,21.73,20.77,28.3,28.16,27.89,28.2,28.4,28.32,25.73,26.43,26.85,25.86,25.67,25.2,27.03,27.22,27.21,26.87,27.07,26.93,0.5,1.101,-1.303,0.761,-1.173,0.498,1010.84,1007.36,1016.82,1017.54,1013.66,1013.36,-0.001,-0.223,-0.3,-0.317,-0.377,-0.171,0.77,0.69,0.12,-0.64,-0.53,-0.39,-0.09,0.049,-0.102,-0.114,-0.176,-0.231,-1.32,-1.61,-0.52,-1.33,0.01,0.97,-2.11,-0.48,-1.44,-2.86,0.65,0.09,-5.05,-6.88,-7.98,-9.01,-11.38,-12.72,1.1,-0.5,0.4,1.1,0.8,0.2,687,692,719,687,680,673,0.1,-0.12,-0.26,-0.46,0.05,0.04,-0.655,-1.25,-1.788,-1.702,-1.839,-1.8,-0.43,-0.5,-0.52,-0.4,-0.61,-0.57,-0.13,-0.29,-0.77,-1.49,-1.29,-1.71,-0.26,-0.67,0.66,-0.53,1.39,-1.63,145.8537782,190.4393032,72.15775525
1955,0.63,1.62,1.03,1.95,1.61,2.14,0.087,0.051,0.052,0.106,0.187,0.204,-1.163,-1.542,-1.568,0.194,0.242,-0.266,0.785,0.893,0.603,0.735,1.035,0.875,-0.01,-1.14,-0.58,-0.41,-1.32,-1.51,-0.318,-0.23,-0.249,-0.234,-0.122,-0.068,-0.79,-1.69,0.25,-0.01,0.92,1.43,-1.006,-0.92,-1.429,-1.407,-1.966,-1.707,-1.32,-1.71,-0.13,-1.35,-1.61,-2.84,0.129,0.051,-0.142,-0.094,0.094,0.095,-0.18,-0.066,0.042,0.007,-0.5,-0.355,-0.313,-0.278,0.092,-0.054,-0.102,-0.086,0.129,0.041,0.125,0.071,-0.033,-0.043,-0.771,-0.695,-1.134,-1.56,-1.631,-2.291,0.344,0.777,0.708,0.316,0.604,0.836,-2.65,-1.71,-0.96,-0.6,-0.26,-0.8,23.75,24.82,25.14,24.22,22.16,21.2,27.6,27.3,27.37,27.82,28.03,28.08,24.79,25.76,26.35,26.32,25.52,25.08,25.54,25.9,26.37,26.66,26.66,26.56,2.308,7.473,4.596,1.63,3.862,1.871,1007.1,1015.4,1016.18,1016.59,1014.88,1015.61,-0.152,-0.123,-0.188,-0.3,-0.152,-0.045,-0.71,-0.62,-0.7,-0.84,-0.92,-0.76,-0.127,-0.229,-0.186,-0.29,-0.406,-0.434,0.2,-1.52,-1.26,-1.97,-1.21,-2.44,-0.14,-2.62,-2.47,-0.24,-0.42,0.11,-5.82,-1.71,1.37,4.4,6.58,6.73,-0.9,3.1,1.1,-0.2,1.7,2.2,843,820,748,773,828,888,0.09,0.07,-0.04,-0.01,-0.12,-0.01,0.316,0.489,0.619,0.358,0.399,0.319,-0.42,-0.6,-0.45,-0.52,-0.34,-0.44,-0.17,-0.3,-0.87,-2.21,-1.76,-1.89,0.4,-0.66,0.51,1.18,-0.26,0.7,120.1858781,133.0031931,103.1263231
1956,4.38,3.56,2.5,2.02,0.16,-1.4,0.197,0.105,0.025,0.074,-0.047,-0.253,-1.204,-2.029,0.47,-0.868,1.391,0.28,1.438,1.206,0.505,0.605,0.007,-0.621,-1.1,-1.15,-0.97,-0.96,-1.05,-1.07,-0.263,-0.264,-0.242,-0.12,-0.087,-0.226,-0.74,-0.89,0.33,-0.08,0.61,-1.47,-1.321,-0.967,-1.299,-1.279,-1.016,-1.151,-0.39,-1.99,-1.13,0.29,-0.05,-1.95,-0.035,-0.217,-0.117,-0.114,0.026,0.084,0.143,0.196,-0.116,-0.275,-0.508,-0.329,-0.304,0.045,-0.012,-0.054,-0.139,-0.043,0.05,0.186,0.111,-0.009,-0.267,-0.246,-1.434,-1.297,-1.396,-1.158,-1.309,-1.513,0.885,0.461,0.161,-0.123,-0.22,-0.281,-0.76,-1.71,-0.46,-1.3,2.1,0.41,23.24,24.71,25.9,24.66,23.14,22.04,27.18,27.27,27.49,27.72,28.11,28.22,24.47,25.8,26.84,27.12,26.63,25.87,25.28,26,26.62,26.96,27.23,26.99,-2.126,5.06,5.191,0.577,1.273,2.335,1010.2,1012.86,1013.95,1014.2,1013.64,1015.27,0.185,0.017,-0.071,-0.192,-0.308,-0.367,-1.11,-0.62,-0.51,-0.59,-0.38,-0.39,-0.328,-0.39,-0.203,-0.244,-0.313,-0.265,-2.48,-2.74,-2.56,-2.17,-1.41,-1.7,-2.34,-1.69,-0.97,-0.17,-0.17,-0.08,-1.01,-3.23,-2.01,-2.01,-6.16,-11.02,2.2,2.7,2.2,1.5,2.3,1.8,1412,1672,1606,1659,1634,1540,0.37,0.24,-0.04,0,-0.29,-0.45,1.092,1.119,0.977,0.993,0.983,0.723,-0.5,-0.69,-0.57,-0.73,-0.45,-0.43,-0.17,-0.3,-0.61,-1.43,-1.53,-2.49,-2.87,-1.65,0.11,0.73,2,-0.81,115.373551,168.2743542,97.53961282
1957,-1.03,-2.24,-1.54,-2.32,-1.4,-0.44,-0.07,-0.095,-0.008,-0.063,-0.11,-0.001,2.062,-1.513,-2.013,0.238,-0.966,-0.76,-0.689,-0.943,-0.38,-0.613,-0.778,-0.263,-0.44,0.04,0.24,0.44,1.1,0.67,0.222,0.191,0.125,0.084,0.044,0.015,0.69,-1.73,0.45,-0.48,-1.42,2.45,-0.61,0.315,0.589,0.996,1.122,1.332,1.42,-0.98,-0.56,0.26,0.85,1.71,0.121,0.149,-0.047,-0.084,0.006,0.162,-0.219,-0.101,0.091,-0.102,0.034,-0.232,-0.232,-0.371,-0.029,0.077,0.087,-0.106,0.027,-0.031,0.07,0.122,0.126,-0.023,-0.948,-0.35,0.156,0.351,0.901,0.768,0.025,0.182,0.124,0.087,-0.244,0.179,0.71,-0.32,-1.73,0.39,-0.68,-0.42,23.13,26.3,27.63,27.15,26.72,25.04,28.03,28.1,28.33,28.86,29.15,28.83,25.05,26.23,27.55,27.94,27.81,27.3,26.09,26.58,27.65,28.34,28.59,28.28,0.984,-3.795,-0.273,-0.869,-4.281,-0.776,1013.8,1011.3,1007.93,1014.95,1011.94,1012.76,-0.583,-0.669,-0.582,-0.487,-0.329,-0.255,-0.3,-0.05,0.49,0.77,0.96,0.89,-0.057,-0.132,-0.177,-0.146,0.007,-0.197,-1.82,-0.68,0.03,-0.58,0.57,1.76,-2.18,-1.89,0.78,-0.41,1.24,0.24,-13.05,-11.89,-6.68,-2.01,1.8,3.21,1,-0.1,0.3,0.4,-1.1,0.3,2312,1867,1978,2000,2085,2521,-0.33,-0.55,-0.17,-0.36,-0.35,-0.09,0.09,0.26,0.651,1.41,1.734,1.62,-0.37,-0.11,-0.07,-0.03,-0.26,-0.11,-0.17,-0.26,0.12,0.19,0.64,1.35,-0.47,-1.96,-1.42,0.52,0.46,-2,108.9250604,147.5265021,95.14068709
1958,1.41,4.02,7.13,8.23,7.87,7.32,0.06,0.2,0.355,0.357,0.212,0.232,-1.438,-2.228,-2.522,-0.36,-0.336,-1.149,0.313,1.463,2.006,1.84,1.173,1.117,1.67,1.24,0.86,0.35,1.15,0.45,0.041,0.137,0.284,0.401,0.446,0.361,-0.21,-0.14,2.15,0.38,-0.24,0.38,1.354,1.522,1.381,1.007,0.793,0.692,-0.38,0.13,0.45,0.73,0.11,3,-0.084,0.229,-0.127,-0.251,-0.025,0.001,-0.063,0.07,-0.055,-0.196,-0.152,-0.397,0.047,-0.277,-0.109,0.274,0.088,-0.456,-0.02,0.142,-0.082,-0.173,-0.299,-0.151,1.474,1.451,1.317,1.025,0.724,0.893,0.034,0.262,0.319,0.121,0.562,0.51,-1.14,-1.64,-2.46,0.26,-0.17,-1.08,24.89,26.55,27.09,26.37,24.71,23.23,29.26,29.28,29.04,29.04,29.21,29.13,27.04,27.57,27.85,27.86,27.39,26.7,28.37,28.41,28.34,28.35,28.35,28.05,-2.567,-10.78,-5.996,0.264,-4.307,-0.981,1001.04,1002.69,1014.45,1012.54,1013.81,1014.54,0.532,0.752,1.036,0.89,0.761,0.592,1.96,1.77,1.18,0.78,0.72,0.67,0.027,0.027,0.017,0.017,0.007,-0.063,0.25,0.62,0.25,1.06,1.28,1.33,0.62,0.36,0.18,0.31,0.66,1.48,5.25,4.1,4.27,1.98,-4.71,-10.6,-3.1,-0.8,0.4,0.6,-0.8,0.5,2515,2122,2515,2459,2186,2205,0.25,0.66,0.91,0.92,0.72,0.76,-0.639,-0.523,-0.566,-0.258,-0.005,-0.042,-0.26,-0.26,-0.57,-0.63,-1.07,-1.06,0.12,0.19,1.82,1.54,2.42,5.75,0.26,-1.33,0.76,0.89,1.91,1.51,124.8481422,171.7641945,80.08896481
1959,1.87,1.81,-0.37,-1.04,-0.81,-0.87,0.111,0.126,-0.016,0.007,0.018,-0.048,-2.013,2.544,1.432,0.119,-0.341,-0.033,0.384,0.202,-0.64,-0.83,-0.379,-0.538,0.68,1.07,-0.09,0.2,0.07,0.12,0.282,0.204,0.148,0.052,-0.005,0.081,-0.87,2.2,0.39,-0.07,-0.12,0.82,0.417,0.52,0.424,0.658,0.373,-0.061,1.62,0.04,-2.03,0.22,0.3,1.19,-0.003,0.036,-0.084,-0.235,-0.212,-0.006,0.571,0.085,-0.045,0.039,-0.378,-0.374,-0.062,0.006,-0.113,0.177,0.318,-0.249,-0.024,-0.027,-0.022,-0.063,0.059,-0.222,0.577,0.804,0.502,0.218,0.001,0.01,0.604,-0.023,0.051,0.057,0.492,-0.355,-1.52,0.33,-0.56,0.25,0.41,0.71,23.97,25.9,26.94,25.84,24.23,22.57,28.63,28.38,28.48,28.75,28.85,28.39,25.75,26.5,27.17,27.56,26.94,26.07,27.14,27.25,27.55,27.93,27.8,27.34,-0.619,-2.56,5.528,-1.337,1.44,-1.197,1008.4,1013.36,1012.83,1016.05,1014.96,1014.75,0.193,0.096,-0.061,-0.168,-0.2,-0.369,0.73,0.61,0.4,0.36,0.19,-0.04,-0.107,0.012,-0.137,-0.126,0.135,-0.085,0.69,-0.43,-0.95,-0.02,0.23,0.44,-1.54,-1.23,0.21,-0.9,-0.3,1.08,-20.06,-17.24,-14.02,-9.27,-5.91,-2.3,-1.5,-2.3,2.1,0.7,0.8,-0.2,2745,2079,2292,2106,2127,2175,0.28,0.29,-0.09,-0.08,-0.22,-0.25,-0.468,-0.319,-0.13,0.102,0.094,-0.246,0.04,0.05,0.28,0.2,-0.17,-0.14,0.19,0.38,0.98,0.83,0.16,-0.07,-0.91,0.74,-0.51,-0.05,-0.64,-1.05,91.9151766,195.5177407,90.49552497
1960,0.26,1.65,1.44,2,2.44,2.54,0.188,0.228,0.099,0.108,0.313,0.33,-2.484,-2.212,-1.625,-0.297,-0.857,0.055,-0.353,0.149,0.164,0.114,0.512,0.468,0.07,-0.02,-0.21,-0.19,0.06,0.06,0.044,0.094,0.105,0.123,0.166,0.177,0.06,0.15,3.27,-0.6,-1.3,0.02,-0.003,-0.398,-0.021,-0.076,-0.203,-0.4,-0.76,0.52,0.12,-0.39,-0.74,-0.71,-0.004,0.009,-0.224,-0.305,-0.175,-0.074,-0.161,0.207,-0.04,-0.455,-0.586,-0.229,0.008,-0.049,-0.258,0.377,0.334,-0.422,-0.02,-0.199,-0.049,0.006,-0.104,-0.217,-0.311,-0.26,-0.08,0.017,-0.334,-0.247,0.071,0.268,0.23,0.269,0.532,-0.15,-2.01,-2.59,-0.93,1.33,0.47,0.1,24.4,25.59,26.01,24.66,23.53,21.83,27.77,27.49,27.77,28.09,28.52,28.35,25.34,25.87,26.75,27.03,26.66,25.95,26.25,26.27,26.97,27.51,27.62,27.24,-0.874,1.976,1.287,1.317,1.021,-0.536,1005.94,1007.61,1013.4,1014.8,1014.86,1016.56,-0.125,-0.022,0.044,-0.083,-0.046,-0.044,-0.15,-0.36,-0.18,-0.06,0,-0.14,-0.09,-0.175,-0.003,-0.096,-0.121,-0.229,0.3,0.52,-0.21,0.09,0.91,0.64,-0.16,-0.22,-0.69,-0.07,0.99,1.2,4.79,3.39,-0.04,-1.08,-3.91,-8.98,0.2,0.2,1.7,1.3,0.9,0.2,2026,1709,1468,1676,1627,1619,-0.07,0.18,0.2,0.13,0.27,0.1,0.438,0.095,-0.051,-0.262,-0.521,-0.602,-0.33,-0.41,-0.09,-0.22,0.01,-0.23,-0.16,-0.21,-0.63,-0.79,1.13,0.2,-0.03,0.54,-1.48,-0.21,-0.1,0.45,121.7573827,112.1576004,88.83390899
1961,-0.16,-0.33,0.41,1.79,2.11,0.74,0.072,0.092,0.159,0.238,0.205,0.044,-1.506,0.621,0.341,-0.237,0.157,0.837,-0.246,-0.215,0.379,0.838,0.748,0.283,0.15,-0.27,0.95,-0.23,0.03,0.35,0.218,0.151,0.156,0.204,0.111,-0.009,-0.52,0.19,-0.62,1.25,-0.38,-1.36,-0.247,0.123,-0.302,-0.068,-0.211,0.166,1.09,-1.5,-1.47,0.6,0.26,-0.61,-0.104,0.095,-0.131,-0.26,-0.133,-0.16,-0.162,0.04,0.246,-0.112,-0.314,0.183,0.058,-0.158,-0.097,0.277,0.335,-0.556,-0.035,-0.178,-0.12,-0.12,-0.205,-0.145,-0.151,-0.267,-0.082,0.017,-0.289,-0.098,1.174,0.497,0.447,0.597,0.458,0.35,-0.03,0.07,0.17,-1.83,-0.28,1.17,24.58,26.66,25.95,25.17,23.6,22.36,27.94,27.85,27.92,27.96,28.38,28.49,25.19,26.25,26.83,27.4,27.08,26.37,26.38,26.61,27,27.5,27.85,27.86,-1.773,6.931,-0.312,2.374,1.822,0.045,999.58,1006.77,1010.35,1018.12,1014.96,1016.41,-0.053,-0.042,-0.065,0.045,0.031,0.006,0.01,0.01,-0.1,0.01,0.3,0.54,-0.082,0.019,-0.054,0.023,-0.107,-0.068,1.18,0.43,0.09,0.34,-0.06,-0.61,1.16,0.17,0.28,-1.14,-0.25,1.84,-5.47,-0.62,0.54,2.82,6.88,7.96,-0.4,1.5,-3,1.3,0.5,0.2,1220,1064,1048,1050,993,1099,-0.04,-0.07,0.02,0.17,0.2,-0.04,0.146,0.325,0.468,0.23,-0.237,-0.396,0,-0.12,-0.02,-0.1,0.03,-0.1,-0.02,0.04,-0.39,0,-0.25,-0.52,-0.61,-1.26,-0.16,0.37,1.44,1.47,131.6348814,174.370803,75.97693754
1962,1.96,1.96,3.26,3.15,2.82,1.3,0.16,0.163,0.177,0.099,0.034,-0.06,1.645,-0.358,-2.848,1.169,0.068,0.287,0.361,0.186,0.647,0.449,0.252,-0.169,-0.83,0.11,-0.12,-0.28,-0.77,-0.23,0.195,0.24,0.212,0.1,0.045,0.219,-0.62,-0.12,-0.33,-0.29,0.24,1.01,-0.518,-0.461,-1.025,-1.289,-0.891,-0.816,0.74,1.66,0.25,0.56,0.26,0.26,-0.015,-0.107,-0.326,-0.3,-0.218,-0.206,0.508,0.61,0.303,0.197,-0.151,-0.224,-0.038,0.023,-0.32,0.262,0.3,-0.546,-0.116,-0.076,0.068,-0.027,-0.019,0.004,-1.093,-0.99,-0.715,-1.023,-0.902,-0.855,0.595,0.494,0.625,0.333,0.363,0.117,0.2,0.18,-2.99,0.93,-0.04,0.47,24.02,25.35,24.47,23.43,23.03,21.81,27.66,27.57,27.83,28.19,28.23,28.3,25.23,26.07,26.49,26.59,26.28,25.83,26.12,26.28,26.8,27.22,27.23,27.18,6.315,-3.386,-0.668,2.794,2.789,1.669,1010.11,1007.67,1013.3,1018.47,1018.18,1016.76,0.177,0.219,0.24,0.248,0.205,0.217,-0.24,-0.31,-0.29,-0.27,-0.32,-0.12,-0.065,-0.174,-0.075,0.017,-0.02,0.165,-1.29,-1.15,-1.42,-0.8,-1.22,-1.62,-0.74,-0.54,-0.71,-1.5,-1.11,-0.97,2.84,3.68,5.26,2.04,-3.64,-11.42,3.3,-0.5,0.2,0.3,1.8,1.2,949,1022,1003,962,979,910,0.22,0.12,0.41,0.26,0.36,0.06,0.329,-0.102,-0.282,-0.71,-0.999,-0.853,-0.08,-0.16,-0.11,-0.01,0.18,0.08,-0.17,-0.19,-0.54,-1.54,-1.39,-0.26,-1.92,-0.13,-0.3,-1.18,0.24,2,106.5845088,170.0166909,81.60366713
1963,3.15,3.07,1.42,1.76,-0.21,-1.12,0.168,0.177,0.145,0.115,-0.074,-0.036,-3.311,-1.721,0.724,-0.348,0.771,-0.585,0.816,0.522,-0.104,-0.005,-0.472,-0.517,-0.47,-0.29,-0.27,-0.15,0.08,0.62,0.106,0.103,0.128,0.132,0.093,0.05,-0.09,-1.07,2.08,-0.46,-1.84,0.97,-0.553,-0.616,-0.356,-0.203,-0.158,0,1,1.07,-1.31,-0.25,0.57,-2.46,-0.173,-0.264,-0.102,-0.424,-0.329,-0.146,0.323,0.399,0.321,0.047,-0.442,-0.004,0.061,0.173,-0.062,0.37,0.419,-0.459,-0.048,-0.137,-0.087,0.018,0.132,0.015,-0.701,-0.838,-0.696,-0.814,-0.477,-0.052,0.774,0.635,0.31,0.283,0.133,-0.062,-2.98,-1.53,-0.85,-1.61,2.05,-0.13,23.81,25.36,26.02,24.67,23.97,22.41,27.74,27.7,28.01,28.28,28.4,28.38,24.96,25.91,27.06,27.66,27.1,26.74,25.86,26.39,27.31,27.87,27.71,27.69,2.157,-2.644,1.516,-0.751,0.777,0.473,1002.47,1002.31,1017.38,1017.52,1015.84,1016.34,0.411,0.352,0.251,0.119,0.043,-0.024,-0.5,-0.21,0.21,0.37,0.16,0.38,-0.009,-0.045,-0.136,-0.016,0.106,0.072,-0.33,-0.16,-0.54,-0.41,-0.65,-0.88,0.09,0.79,-2.04,-0.79,-0.95,0.5,-17.35,-16.68,-19.93,-21.52,-24.18,-20.08,1.7,0.9,1.9,1.3,0.6,-0.8,795,797,778,795,878,835,0.56,0.51,0.34,0.42,0.14,0.11,-0.127,-0.111,0.063,0.003,-0.1,-0.251,-0.05,0.01,0.27,0.21,0.42,0.45,-0.17,-0.3,-0.09,0.42,-0.01,0.45,-3.28,-2.32,-0.93,0.96,2.03,2.72,104.8794292,141.4182196,75.4637737
1964,-1.59,0.21,0.74,0.17,1.5,1.34,-0.064,0.032,0.05,-0.135,0.052,0.015,0.385,-0.575,-0.558,0.663,1.174,0.142,-0.13,0.44,0.221,-0.815,-0.246,-0.24,0.67,0.4,-0.36,-1,-0.46,-0.93,-0.103,-0.073,0.005,0.106,0.121,0.094,2.14,-0.23,1.42,0.93,0.7,1.77,0.373,-0.1,-0.84,-1.103,-1.68,-1.601,-1.95,-2.52,-1.39,-2.03,0.33,1.9,-0.011,-0.077,-0.198,-0.3,-0.127,-0.142,-0.149,-0.536,-0.003,-0.042,-0.385,-0.072,-0.117,-0.094,-0.118,0.27,0.259,-0.346,0.057,-0.062,-0.007,-0.002,-0.101,-0.03,0.856,0.448,-0.294,-0.616,-1.275,-1.096,0.324,0.277,0.355,0.112,-0.201,0.319,-1.62,-2.06,-1.66,0.25,0.53,1.61,24.15,25.08,25.3,24.61,21.93,21.44,28.7,28.39,28.08,28.24,28.39,28.06,26.07,26.41,26.76,26.34,25.56,25.1,27.43,27.27,27.1,27.06,26.94,26.66,4.083,5.869,3.748,4.372,2.444,0.674,1006.28,1010.02,1014.55,1019.47,1020.82,1013.77,-0.077,0.081,0.016,-0.014,0.051,0.03,1.05,0.67,0.01,-0.44,-0.61,-0.64,0.126,0.038,0.009,0.064,-0.004,-0.035,0.01,-0.21,-0.87,-1.03,-1.91,-0.32,-0.44,1.36,-1.31,-1.3,-2.27,0.27,3.94,5.26,5.46,5.94,6.32,2.23,-0.6,0.1,1.9,1.8,0.4,1.2,754,768,759,726,695,690,0.09,0.28,0.29,-0.13,0.08,0.07,-1.342,-1.304,-1.543,-1.424,-1.178,-0.993,0.65,0.31,0.33,0.06,-0.22,-0.14,-0.08,-0.14,0.03,-0.45,-1.13,-0.85,-0.16,0.01,-0.29,1.99,0.19,-0.88,123.4722255,173.6449831,83.73107885
1965,-0.62,-1.26,-1.02,-1.4,-1.84,-2.26,-0.187,-0.166,-0.066,-0.086,-0.087,-0.115,-1.046,-2.084,-0.905,0.568,-0.153,0.038,-0.332,-0.005,0.304,0.117,0.083,-0.438,-0.03,-0.22,-0.3,0.51,0.3,1.02,-0.22,-0.196,-0.198,-0.245,-0.211,-0.272,-0.37,1.46,-1.84,0.67,2.95,1.33,-0.68,-0.29,-0.135,0.463,0.928,1.175,0.6,-0.93,2.23,1.02,0.07,-1.56,-0.19,-0.204,-0.089,-0.269,-0.212,-0.007,0.126,-0.053,0.364,0.014,-0.148,-0.208,-0.066,0.061,0.03,0.219,0.118,-0.257,0.122,0.072,-0.049,0.096,0.008,0.008,-0.522,-0.323,-0.249,0.102,0.521,0.944,0.388,0.199,0.357,-0.145,-0.276,0.419,-0.65,-2.2,-1.99,0.64,-0.52,0.6,24.22,26.17,26.71,27.01,26.09,24.6,27.57,27.77,27.93,28.06,28.7,29.02,24.84,25.96,27.07,27.66,27.68,27.24,25.78,26.37,27.12,27.62,28.07,28.19,1.544,4.769,0.574,-3.427,3.785,-0.584,1005.68,1010,1010.87,1015.95,1016.29,1014.16,-0.388,-0.305,-0.277,-0.247,-0.264,-0.272,-0.58,-0.23,0.03,0.12,0.52,0.89,-0.313,-0.236,-0.398,-0.318,-0.318,-0.369,-1.24,-1.16,0.04,0.62,-0.66,-0.8,-0.92,-1.03,-0.8,-1.07,-0.42,1.89,-1.03,-2.26,-1.98,-3.44,-7.1,-12.01,-0.7,0.7,1.2,-0.9,0.3,-0.9,786,752,741,720,782,770,-0.36,-0.25,-0.13,-0.18,-0.21,-0.28,1.119,1.393,1.838,2.175,2.209,2.019,-0.39,-0.08,0.11,0.1,0.15,-0.17,-0.17,-0.3,-0.64,0.18,0.37,-1.63,-1,-1.04,-1.17,0.49,1.18,1.19,91.60690858,154.5473102,90.13774065
1966,-0.35,2.12,3.01,3.3,2.26,0.82,-0.065,0.021,0.002,0.055,0.013,-0.034,-3.232,-1.438,-0.911,-1.837,1.124,0.408,-0.168,0.693,0.513,0.824,-0.016,-0.553,1.22,0.77,1.31,0.89,0.42,0.16,0.141,0.065,0.05,-0.043,-0.082,-0.06,-0.49,-0.02,1.5,0.08,0.06,0.84,1.216,0.858,0.697,0.402,-0.348,0.002,-0.36,-0.55,-0.94,1.96,-0.67,0.23,-0.033,0.004,-0.26,-0.328,-0.199,-0.101,0.008,-0.016,-0.041,-0.134,-0.326,0.269,-0.162,-0.151,-0.077,0.291,0.14,-0.135,0.08,0.001,0.137,0.107,0.12,0.055,1.312,1.192,0.697,0.555,-0.146,-0.134,0.221,0.493,0.472,0.297,0.455,0.018,-2.54,-2.02,0.18,-0.96,0.25,1.37,25.15,25.88,25.35,24.26,22.92,21.8,28.87,28.85,29.18,28.99,29.08,29.13,26.7,26.86,27.26,27.4,26.28,26.08,27.75,27.66,28.22,28.24,27.67,27.77,-0.281,0.768,0.258,-0.985,-1.6,-0.606,1004.24,1012.75,1012.16,1015.58,1016.23,1014.01,0.074,0.204,0.385,0.345,0.21,0.144,1.29,0.99,1.07,0.74,0.06,0.35,-0.176,-0.031,-0.055,-0.099,-0.238,-0.248,-0.82,-0.03,-1.29,0.06,-0.53,0.16,-0.15,-2.05,0.43,-0.54,-0.15,0.1,-21.9,-17.14,-11.07,-2.33,2.16,5.42,-2.2,-0.4,-1.5,-0.3,-0.7,0.5,879,842,903,972,985,963,-0.02,0.37,0.43,0.52,0.36,0.27,-1.127,-1.485,-1.806,-2.177,-2.362,-2.009,-0.19,-0.28,-0.39,0.08,0.13,0.62,0.16,0.06,0.31,0.3,-0.86,-1.19,0.42,0.73,-0.76,0.08,0.51,-1.03,71.81947274,125.7501935,101.0788485
1967,0.84,0.1,0.2,1.3,0.84,0.01,0.093,0.099,-0.022,-0.004,-0.176,-0.249,-0.576,1.18,1.967,1.7,0.127,0.647,0.642,0.221,-0.163,0.462,-0.343,-0.428,-0.91,-0.95,-0.55,-0.29,0.14,-0.25,-0.184,-0.154,-0.092,-0.073,-0.116,-0.22,0.34,-0.52,-0.01,-1.07,-0.18,1.86,-0.527,-0.491,-0.875,-0.84,-0.192,-0.167,-0.22,-0.56,0.87,0.14,2.02,0.88,0.065,-0.062,-0.093,-0.156,0.022,0.093,-0.301,-0.114,0.408,0.047,0.203,0.392,-0.416,-0.198,0.174,-0.013,-0.179,0.053,0.084,0.12,0.068,0.19,0.031,-0.094,-0.473,-0.94,-1.079,-1.066,-0.469,-0.315,0.327,0.137,0.146,-0.084,0.175,-0.239,-1.55,-0.23,1.18,0.05,-0.87,1.72,23.66,25.54,25.55,24.98,23.77,22.04,27.69,27.48,27.78,28.4,28.8,28.69,25.09,26.09,26.46,26.46,26.69,26.4,26.18,26.35,26.67,26.91,27.49,27.62,2.648,5.8,-0.51,-1.076,2.152,-0.708,1008.04,1008.75,1015.84,1020.99,1018.42,1014.38,-0.029,-0.087,-0.093,-0.149,-0.281,-0.278,-0.29,-0.31,-0.47,-0.58,-0.11,0.2,-0.168,-0.222,-0.139,-0.107,-0.022,-0.032,-0.2,-0.18,-1.2,-0.89,-1.24,-1.16,-1.16,-0.2,-2.25,-1.91,-0.8,-0.33,11.03,10.49,10.94,10.13,5.79,-0.58,2.8,2.8,2,-0.1,0,1.1,1477,1470,1606,1299,1430,1202,0.24,0,-0.15,0.05,-0.16,-0.21,-0.079,-0.022,-0.14,-0.461,-0.974,-1.254,0.3,0.3,-0.03,-0.2,-0.37,-0.61,-0.17,-0.27,-0.78,-1.11,-1.47,-1.93,0.86,0,0.02,1.51,-1.38,-0.4,95.24133996,168.9082437,90.12580056
1968,-0.99,0.68,0.67,-0.07,-0.14,-1.45,-0.235,-0.187,-0.197,-0.144,-0.112,-0.251,-0.409,-2.154,1.741,0.328,-0.241,0.42,-0.167,-0.063,-0.059,-0.638,-0.629,-1.167,-0.47,-0.83,-0.27,-0.19,-0.82,-0.18,-0.157,-0.251,-0.268,-0.175,-0.121,-0.182,0.62,-1.26,2.16,-0.01,0.16,1.26,-0.865,-1.09,-1.217,-0.971,-1.033,-0.333,-0.24,-0.65,0.05,-2.88,1.07,-0.73,0.059,-0.017,-0.06,-0.054,0.002,0.182,0.27,0.493,0.022,0.119,0.182,0.346,-0.258,-0.184,0.107,-0.104,-0.147,0.153,0.118,0.131,0.061,0.095,0.095,0.039,-0.594,-0.703,-0.613,-0.971,-1.097,-0.748,0,0.093,0.141,0.453,1.618,0.767,-0.36,-1.91,0.02,-1.32,-1.58,0.64,23.19,24.88,25.11,23.97,22.44,21.7,27.92,27.8,27.87,28.16,28.3,28.9,24.4,25,25.86,26.57,26.19,26.22,25.78,25.79,26.38,27.09,27.15,27.69,1.88,-4.044,-0.36,3.323,0.847,1.135,1010.08,1000.05,1012.31,1017.29,1016.17,1016.22,-0.264,-0.133,-0.072,-0.074,-0.205,-0.386,-0.68,-0.87,-0.76,-0.41,-0.45,0.27,-0.236,-0.302,-0.233,-0.184,-0.151,-0.052,-0.95,-0.4,-0.31,-1.03,-0.53,-0.35,-1.78,1.11,0.13,-1.11,0.23,-0.08,-8.38,-10.21,-9.11,-12.25,-14.39,-19.27,0.9,2.1,0.2,0,2.1,1.8,1891,1732,1426,1295,1549,1423,-0.3,-0.11,-0.06,-0.11,-0.09,-0.25,-1.335,-1.172,-1.108,-1.245,-1.197,-1.07,-0.03,-0.24,-0.26,-0.01,-0.01,0.08,-0.17,-0.3,-0.96,-2.59,-2.47,-2.24,-2.08,-3.18,-0.04,-0.91,-0.93,-1.19,100.7457619,104.1348476,66.56917274
1969,1.11,2.86,5.19,3.83,3.17,1.89,-0.051,0.116,0.218,0.16,0.022,0.04,-2.967,-3.114,-1.582,0.438,-0.72,-0.348,-0.142,0.539,1.198,0.146,-0.361,-0.894,1.11,1.06,0.48,0.71,0.86,0.38,0.231,0.164,0.14,0.114,0.209,0.244,0.17,-2.12,1.61,0.56,0.99,2.16,1.051,1.009,1.035,0.975,1.504,1,0.6,-0.58,-0.02,0.32,1,3.19,-0.074,-0.06,-0.05,-0.075,0.062,0.135,-0.142,-0.225,0.025,0.163,0.057,-0.231,-0.318,-0.315,0.198,-0.13,-0.181,0.068,0.09,0.132,0.069,0.174,-0.028,-0.064,0.689,0.866,0.445,0.617,0.697,0.799,0.278,0.209,0.254,-0.247,0.479,0.624,-1.48,-2.2,-2.04,1.52,0.56,0.86,24.67,25.56,27.09,26.66,26.07,24.39,29.11,29.28,28.99,29.03,29.21,29.09,26.27,26.92,27.63,27.94,27.92,27.05,27.55,27.95,28.02,28.39,28.5,27.99,-5.651,-5.94,1.666,-1.301,-2.049,-2.288,1012.41,1008.91,1012.89,1012.34,1012.72,1013.23,0.439,0.718,0.857,0.897,0.777,0.616,1.09,1.29,0.88,0.89,0.89,0.58,0.007,0.006,0.041,0.113,0.074,-0.013,-1.26,-0.95,-0.5,-0.44,-0.2,0.89,-2.96,-1.97,0.47,0.48,1.02,2.11,-8.58,-4.43,-1.5,3.98,8.18,9.35,-2.4,-0.9,0.7,-0.6,-0.4,0.3,1527,1552,1723,1555,1454,1622,0.43,0.74,1.13,0.84,0.73,0.37,-1.509,-1.156,-0.713,0.053,0.623,0.491,0.32,0.53,0.38,0.35,0.2,-0.05,-0.09,-0.01,2.04,2.09,4.28,4.3,-0.71,0.61,0.56,1.58,1.65,1.37,99.07651175,134.307136,81.357823
1970,3.81,4.2,5.33,4.12,3.58,2.48,0.001,-0.037,0.031,0.031,-0.035,-0.171,-2.412,-1.325,-2.084,0.302,0.531,0.875,0.359,0.344,0.546,0.335,-0.173,-0.608,0.87,0.84,0.19,0.46,0.14,-0.52,0.035,0.019,0,-0.003,-0.061,-0.08,-0.14,-1.15,-4.17,-0.18,-0.2,0.36,0.678,0.283,-0.035,0.05,-0.427,-1.014,0.23,0.61,0.62,-0.45,-0.57,-0.72,0.123,0.1,-0.05,0.026,0.016,0.226,0.393,0.359,0.226,0.403,0.343,-0.164,-0.263,-0.321,0.181,-0.199,-0.115,0.136,0.1,0.075,0.11,0.013,0.01,-0.095,0.357,0.405,0.215,-0.055,-0.13,-0.72,0.425,0.558,0.477,0.287,0.047,-0.105,-2.26,0.28,-1.41,-1.56,1.11,1.87,25.02,25.76,25.53,24.76,22.94,21.27,28.57,28.57,28.52,28.73,28.98,28.75,26.38,26.52,26.97,27.2,26.44,25.3,27.05,27.02,27.35,27.96,27.77,27.14,-4.9,-3.812,1.829,4.095,2.671,-0.026,1005.97,1002.61,1007.91,1017.11,1016.85,1014.65,0.496,0.603,0.588,0.54,0.452,0.279,0.61,0.38,0.23,0.45,0.16,-0.29,0.292,0.19,0.188,0.163,0.075,0.035,0.61,0.43,1.33,0.43,-0.49,0.06,0.12,1.01,0.49,-0.66,-0.5,0.23,0.3,-1.41,-4.63,-7.25,-12.21,-16.25,-1.9,-1.7,1,-0.1,0.6,1.6,1583,1754,1584,1620,1684,1549,0.64,0.64,0.83,0.68,0.51,0.24,-0.773,-1.024,-1.386,-1.722,-1.993,-1.865,-0.34,-0.26,-0.2,-0.28,-0.19,-0.33,-0.17,-0.29,-0.73,-0.42,-1.11,-1.08,-2.17,0.01,-0.29,0.87,-0.15,-0.13,105.7070344,137.5771214,81.96619251
1971,0.73,-0.17,-1,-2.61,-3.56,-3.8,-0.234,-0.28,-0.298,-0.401,-0.315,-0.351,-0.163,-0.922,-1.091,-0.583,0.679,-0.668,-0.505,-0.87,-0.871,-0.942,-0.844,-1.165,-0.83,-1.5,-1.66,-1.69,-1.01,-0.68,-0.12,-0.16,-0.284,-0.388,-0.389,-0.338,-1.57,0.38,-0.32,0.66,0.72,0.95,-1.51,-1.937,-1.949,-1.531,-1.392,-1.399,0.05,-1.99,-0.22,-1.95,-1.14,-0.28,0.008,-0.142,-0.22,-0.086,-0.074,0.151,0.169,0.154,0.423,0.37,0.037,0.102,-0.3,-0.169,0.131,-0.193,-0.071,0.109,0.028,0.125,0.075,0.074,0.086,-0.075,-1.225,-1.521,-1.811,-1.896,-1.449,-1.485,0.417,0.534,0.474,-0.027,0.486,-0.085,-1.82,-0.17,-1.28,-0.41,0.51,-1.28,23.33,24.58,25.24,24.95,23.29,21.6,26.94,27.07,27.25,27.63,28.02,28.03,24.19,24.91,26.01,26.61,26.26,25.44,25.09,25.4,26.1,26.78,27.06,26.7,5.065,7.349,3.831,2.526,2.057,0.491,1012.4,1007.64,1011.21,1014.75,1014.25,1014.46,-0.025,-0.128,-0.258,-0.325,-0.497,-0.47,-1.42,-1.31,-1.07,-0.76,-0.59,-0.77,-0.004,-0.143,-0.169,-0.119,-0.195,-0.109,-1.9,-1.74,-1.68,-1.59,-1.55,-1.55,-2.43,-0.16,-0.28,0.23,1.09,0.51,-10.67,-3.67,0.91,3.75,6.77,8.28,0.6,3.3,3.8,2.8,1.4,0.7,1626,1378,1119,1167,1099,1017,0.1,-0.03,-0.18,-0.34,-0.46,-0.62,0.566,0.862,0.691,0.4,0.397,0.211,-0.01,0.02,-0.06,0.09,0.25,0.17,-0.17,-0.3,-0.96,-2.57,-2.32,-1.95,-2.51,-1.65,-0.15,-0.08,0.76,1.64,88.8743831,140.8721094,72.71236091
1972,-1.63,-2.15,-3.12,-3.04,-3.32,-4.31,-0.305,-0.368,-0.427,-0.314,-0.456,-0.476,0.166,-0.195,-0.141,1.007,0.14,-0.049,-1.607,-1.833,-1.876,-1.318,-2.036,-1.665,-0.41,-0.47,-0.2,0.45,1.56,1.22,0.001,0.019,0.034,-0.08,-0.22,-0.422,0.56,-1.07,2.15,-0.57,0.03,0.91,-0.465,0.133,0.015,0.742,1.066,1.315,-0.46,0.15,-1.36,-1.52,0.31,-2.96,-0.103,-0.029,-0.104,-0.148,-0.024,0.145,0.389,-0.059,0.276,0.176,0.366,0.931,-0.241,-0.202,0.18,-0.007,-0.131,0.049,0.135,0.101,0.077,0.124,0.049,-0.012,-0.59,-0.408,-0.253,-0.205,0.478,1.166,-0.271,-0.098,-0.087,0.114,-0.139,-0.037,-0.19,-0.08,0.35,-0.38,0.93,1.19,24.51,26.66,27.09,26.25,25.47,25.01,27.97,28.15,28.36,28.82,29.21,29.19,25.02,26.04,27.12,27.78,27.62,27.37,25.84,26.42,27.21,27.93,28.27,28.23,4.455,1.071,1.899,-0.093,-1.278,-1.259,1012.72,1010.69,1009.85,1019.8,1014.76,1015.53,-0.334,-0.348,-0.441,-0.505,-0.375,-0.346,-0.67,-0.28,0.04,0.39,0.62,0.77,-0.058,-0.055,-0.196,-0.164,-0.229,-0.171,-1.99,-1.83,-2.09,-1.65,-1.57,-1.87,-2.46,-2.27,-0.1,-1.95,0.21,-0.15,8.2,7.95,7.35,6.22,-2.59,-10.7,0.8,1.8,1.1,-0.2,-2.6,-0.9,1148,1418,1285,1129,1296,1354,-0.27,-0.38,-0.5,-0.31,-0.46,-0.35,0.447,0.575,0.661,0.851,1.134,1.52,-0.08,-0.06,-0.18,0.03,-0.03,0.09,-0.13,-0.3,-0.57,0.33,0.17,-1.4,-0.05,-2.26,-1.87,-0.01,1.23,2.06,66.97792938,102.5909289,52.29829705
1973,-6.53,-5.69,-4.97,-3.62,-2.54,-2.47,-0.361,-0.381,-0.331,-0.252,-0.156,-0.162,1.232,0.786,0.537,-1.126,0.073,0.531,-2.113,-1.74,-1.538,-0.772,-0.949,-0.758,1.06,1.4,0.46,0.17,-0.46,-1.08,0.067,0.113,0.115,0.044,0.039,-0.006,1.06,-0.89,-0.35,-0.32,-0.71,0,1.674,1.162,0.537,-0.477,-0.684,-1.251,-0.8,0.95,-1.94,0.6,-1.49,-1.3,0.172,-0.025,-0.01,-0.073,0.087,0.105,0.35,0.063,0.193,-0.078,0.246,0.08,-0.311,-0.109,0.236,-0.204,-0.247,0.171,0.139,0.23,0.105,0.093,-0.105,-0.131,1.705,1.482,0.841,0.481,-0.129,-0.815,-0.26,0.036,-0.16,-0.268,0.146,-0.567,-0.46,0.52,-0.09,-0.73,-0.36,0.7,26.03,26.48,26.27,24.87,23.44,21.76,29.03,28.77,28.52,28.39,28.51,28.23,27.52,27.24,27.37,26.87,26.06,25.34,28.44,28,27.71,27.39,27.13,26.74,-2.303,-8.273,2.683,3.538,0.334,1.967,1008.32,1008.21,1010.61,1016.76,1014.43,1015.1,-0.214,-0.155,-0.016,0.083,0.061,0.127,1.91,1.28,0.54,-0.16,-0.53,-0.73,0.142,0.224,0.075,0.12,-0.005,-0.013,-0.46,-0.61,-0.5,-0.69,-0.76,-0.97,-0.88,-0.14,0.53,0.11,0.67,1.01,-4.4,0.08,3.4,6.28,8.12,8.63,-0.5,-2.3,1.2,0.1,0.7,1.8,1022,987,1004,1050,970,912,-0.31,-0.3,-0.32,-0.19,0.04,-0.07,-0.294,-0.675,-1.108,-1.22,-1.119,-0.855,0.79,0.72,0.59,0.76,0.93,0.75,0.14,0.05,1.03,0.2,-0.25,-1.07,0.47,1.12,0.56,1.33,0.71,-1.34,83.92375896,105.2364538,56.96304787
1974,-1.49,-2.91,-4.81,-6.31,-6.22,-4.9,-0.263,-0.27,-0.388,-0.51,-0.487,-0.434,0.232,-0.489,-0.746,0.309,-0.507,-0.048,-2.008,-2.04,-2.549,-3.101,-2.992,-2.372,-1.96,-1.67,-1.82,-1.23,-1.2,-0.59,-0.254,-0.281,-0.226,-0.244,-0.264,-0.39,0.47,-1.65,-0.86,1.3,0.72,1.81,-1.821,-1.85,-1.556,-1.244,-1.014,-0.888,-0.65,-1.12,0.32,-0.41,0.03,-2.29,0.033,-0.145,-0.207,-0.17,-0.014,0.058,0.286,0.406,0.501,0.028,-0.066,0.415,-0.368,-0.228,0.168,-0.013,-0.123,0.105,-0.01,0.153,0.043,0.189,0.094,-0.046,-1.944,-1.794,-1.765,-1.682,-1.073,-0.642,-0.032,0.113,0.214,-0.114,-0.385,-0.161,1.05,-0.6,-0.43,0.41,-0.17,0.17,23.29,24.87,25.69,25.28,24.35,22.48,26.5,26.87,27.21,27.46,27.94,27.97,23.93,25.11,26.28,26.84,26.56,25.91,24.52,25.12,25.91,26.63,26.84,26.71,0.56,5.932,-1.769,3.414,2.223,0.209,1006.61,1011.16,1007.38,1014.53,1015.46,1015.98,-0.337,-0.534,-0.695,-0.776,-0.758,-0.611,-1.99,-1.57,-1.24,-0.9,-0.8,-0.75,-0.356,-0.385,-0.368,-0.408,-0.24,-0.227,-1.22,-1.65,-0.9,-0.52,-0.28,-0.31,-1.54,-1.5,-1.1,-0.73,-0.4,-1.36,-0.91,-1.31,-1.08,-1.92,-7.58,-13.86,4,3.4,4,1.6,1.6,0.7,831,809,792,861,906,863,-0.28,-0.51,-0.73,-1.09,-0.89,-0.61,2.145,2.129,1.962,1.728,1.702,1.502,0.34,0.14,0.15,0.36,0.49,0.43,-0.17,-0.3,-0.83,-0.78,-1.52,-1.7,-3.37,-0.78,-1.26,-0.19,0.36,-0.13,126.2415675,138.3344799,77.57688437
1975,-2.14,-2.4,-3.01,-2.42,-3.16,-2.9,-0.259,-0.325,-0.296,-0.332,-0.375,-0.281,1.595,0.194,0.151,0.409,-0.614,-0.323,-1.308,-2.058,-2.009,-1.486,-1.701,-1.32,0.11,-0.43,-0.84,-0.96,-0.98,-1.6,-0.229,-0.133,-0.116,-0.1,-0.134,-0.247,-0.22,1.35,0.85,-1.69,-0.51,0.97,-0.724,-0.845,-1.072,-0.961,-1.516,-1.835,-1.52,-0.5,-0.14,-1.57,-1.21,-2.09,0.092,-0.036,-0.078,-0.15,-0.084,0.144,-0.335,-0.038,-0.385,-0.105,-0.109,0.286,-0.414,-0.11,0.117,-0.06,-0.051,0.053,0.048,0.121,0.13,0.121,0.103,-0.093,-0.565,-0.606,-0.882,-0.969,-0.852,-1.145,0.098,0.088,-0.408,-0.568,0.082,-0.339,0.17,-1.15,-1.04,-1.89,-0.43,-0.54,23.55,24.95,26.06,25.53,23.71,21.84,27.86,27.96,27.76,27.83,27.95,27.71,25.34,25.74,26.49,27.08,26.27,25.29,26.18,26.22,26.44,26.99,26.97,26.29,4.746,-0.692,-0.405,3.509,0.864,1.392,1010.94,1008.16,1014.4,1018.88,1014.54,1016.58,-0.348,-0.338,-0.445,-0.533,-0.532,-0.426,-0.33,-0.48,-0.72,-0.54,-0.68,-1.17,-0.246,-0.263,-0.311,-0.3,-0.226,-0.273,-0.84,-0.71,-0.51,-1.3,-1.02,-1.16,-1.2,-0.51,-0.81,-0.67,0.6,-0.31,-16.7,-15.39,-13.04,-5.12,1.18,4.47,-0.8,1.3,2.6,1.9,1.1,2.1,775,742,724,707,701,697,-0.24,-0.41,-0.49,-0.45,-0.7,-0.4,0.6,0.749,0.855,0.949,1.337,1.461,-0.13,-0.19,-0.15,-0.11,0.04,0.17,-0.17,-0.3,-0.34,-0.22,-1.21,-1.21,-0.46,-0.77,-0.46,0.37,-0.45,-0.61,119.5540736,131.6034495,89.00560232
1976,-0.02,-1.1,-2.74,-2.43,-2.81,-2.12,-0.371,-0.427,-0.48,-0.412,-0.474,-0.47,0.034,1.656,0.587,0.44,0.06,0.328,-1.049,-1.609,-2.093,-1.718,-1.86,-1.572,-1.42,-1.24,-0.97,-0.36,-0.59,0.13,-0.584,-0.487,-0.392,-0.42,-0.437,-0.391,0.61,0.86,-1.58,-0.68,-0.31,2.24,-1.803,-1.377,-1.149,-0.999,-0.454,0.241,-0.3,0.07,-0.83,-1.52,-0.9,-0.03,-0.146,-0.171,-0.28,-0.133,-0.004,0.106,0.175,0.266,0.249,0.025,0.159,0.623,-0.206,-0.007,0.008,-0.04,-0.055,0.015,0.134,0.167,0.234,0.148,0.068,0.012,-1.626,-1.399,-1.255,-1.191,-0.477,0.343,-0.275,-0.411,-0.422,-0.338,-0.062,-0.376,-0.8,0.61,0.38,0.14,0.94,1.11,23.51,25.36,25.88,25.72,25.11,24.46,26.92,27.19,27.56,27.98,28.32,28.32,23.91,25.31,26.46,26.94,26.98,26.95,24.72,25.58,26.61,26.99,27.27,27.34,5.938,2.33,4.956,-1.774,0.244,-0.622,1004.08,1013.13,1013.8,1015.31,1014.5,1015.76,-0.399,-0.463,-0.522,-0.595,-0.555,-0.63,-1.78,-1.1,-0.55,-0.53,-0.33,-0.1,-0.434,-0.39,-0.374,-0.289,-0.361,-0.2,-1.14,-1.85,-0.96,-0.89,-0.68,-0.67,-0.25,-2.38,-1.78,0.92,0.58,-1.32,9.22,8.92,9.7,11.53,10.04,2.78,2.3,2.8,2.9,0.5,0.6,0.4,747,705,767,763,706,706,-0.3,-0.48,-0.81,-0.66,-0.79,-0.59,1.725,1.727,1.697,1.813,2.058,2.354,-0.41,-0.4,-0.48,-0.67,-0.7,-0.6,-0.17,-0.3,-0.87,-1.11,-1.04,-1.76,-0.71,-0.39,-0.06,0.92,1.19,1.28,90.09588298,102.6831882,74.00067723
1977,-1.98,-1.57,-0.83,-0.31,-0.08,0.03,-0.375,-0.319,-0.169,-0.203,-0.156,-0.093,-3.767,-2.01,0.344,1.329,0.104,-0.226,-1.469,-1.43,-1.06,-0.921,-0.542,0.192,0.65,-0.01,0.78,0.32,0.71,1.19,-0.104,-0.019,-0.018,0.056,-0.012,-0.088,-0.49,-1.73,0.45,-1.01,-1.21,0.3,0.801,0.387,0.304,-0.235,0.244,0.29,0.75,-1.4,-1.44,0.25,-1.84,-0.24,0.014,0.135,0.118,-0.026,0.011,0.16,0.103,0.038,0.349,-0.11,-0.289,0.122,-0.26,-0.313,0.383,-0.161,-0.056,0.013,0.054,0.029,-0.092,-0.01,0.039,-0.081,0.517,0.254,0.091,0.531,0.331,0.483,-0.059,0.288,0.139,-0.039,0.219,0.136,-1.72,-1,-1.25,0.56,-0.75,-0.27,24.93,25.79,26.13,25.29,23.88,22.7,28.38,28.11,28.28,28.5,28.78,28.97,26.57,27.03,27.51,27.02,27.04,26.56,27.31,27.15,27.57,27.61,27.97,27.96,0.306,4.662,4.331,0.704,-1.105,0.206,999.02,1001.18,1016.83,1016.83,1015.61,1015.16,-0.303,-0.249,-0.17,-0.09,-0.112,-0.157,0.81,0.47,0.43,0.08,0.34,0.5,-0.132,-0.088,-0.191,-0.103,-0.018,-0.028,1.65,1.11,0.72,0.3,0.31,0.42,1.6,2.43,-0.69,-0.32,-0.56,0.57,-14.44,-14.9,-17.61,-14.93,-17.14,-21.33,-0.7,2,-0.9,-0.7,-0.8,-1.5,774,823,766,776,796,915,-0.15,-0.22,-0.11,-0.09,-0.07,0.05,-0.164,-0.266,-0.445,-0.657,-0.907,-1.185,-0.19,0,0,-0.03,-0.05,-0.09,-0.14,-0.16,-0.58,-1.16,-0.94,-1.62,-1.08,0.08,1.83,0.97,-0.43,0.17,88.83443152,126.5515336,71.79176591
1978,0.23,2,3.2,3.8,2.05,-0.39,-0.091,-0.133,-0.144,-0.18,-0.189,-0.318,-0.347,-3.014,0.502,-0.967,0.059,0.635,-0.472,0.171,0.081,-0.233,-0.351,-1.058,0.63,1.64,0.4,0.11,-1.01,-0.45,0.024,0.037,0.103,0.144,0.093,0.072,-0.63,-0.98,-0.24,1.22,0.1,-0.14,0.542,0.196,-0.062,-0.632,-0.453,-0.661,2.76,0.48,1.38,0.82,-0.23,0.5,0.183,0.051,0.012,-0.092,0.041,0.177,-0.437,-0.195,-0.258,-0.11,-0.235,0.266,-0.302,-0.138,0.074,0.015,-0.122,-0.073,0.069,0.114,0.095,0.137,0.012,-0.025,0.779,0.896,0.955,0.181,-0.389,-0.568,-0.449,-0.137,0.016,-0.239,0.049,0.063,0.26,-2.94,0.33,-1.42,1.05,1.7,24.32,25.77,25.39,24.73,23.15,21.89,28.8,28.48,28.26,28.28,28.72,28.56,25.92,26.46,26.83,26.66,26.13,25.68,27.32,27.17,27.24,27.26,27.36,27.16,-7.837,-6.265,-5.78,-2.177,3.151,2.891,1000.57,1000.56,1008.85,1013.99,1017.65,1018.11,0.037,0.185,0.14,0.05,-0.023,-0.117,0.81,0.48,0.09,-0.28,-0.26,-0.29,0.056,-0.027,0.056,-0.044,-0.036,0.028,0.34,1.45,1.34,1.29,0.9,0.15,0.13,1.4,-0.18,-0.19,-0.73,-0.92,3.21,6.07,9.34,12.98,12.23,8.36,-0.5,-4.4,-0.3,-0.5,2.2,1.1,1096,1454,1418,1494,1465,1422,0.11,0.2,0.25,0.26,0.08,-0.14,-1.571,-1.284,-1,-0.984,-0.905,-0.786,-0.19,-0.29,-0.45,-0.65,-0.64,-0.47,-0.16,-0.22,-0.63,-0.76,-1.03,-0.56,-0.01,-0.15,-1.26,0.18,-0.04,3.39,122.3814803,113.0705855,76.59649738
1979,1.15,2.5,2.37,2.16,2.42,1.96,-0.177,-0.136,-0.213,-0.222,-0.102,-0.026,-2.233,-0.697,-0.814,-1.157,-0.25,0.933,-0.455,0.097,-0.475,-0.232,0.017,0.514,0.26,-0.25,0.31,0.47,-0.19,-0.09,0.046,0.022,0.024,-0.004,-0.031,-0.019,-0.79,-0.2,-0.1,0.15,-0.83,0.78,0.155,-0.04,0.352,0.38,0.339,0.517,2.12,-0.18,0.83,0.66,-0.87,-0.48,0.018,0.033,-0.017,-0.049,0.066,0.221,0.288,-0.117,-0.04,-0.041,0.154,0.509,-0.292,-0.082,0.177,-0.054,-0.103,-0.005,-0.01,0.067,0.034,0.045,0.061,0.031,0.598,0.361,-0.011,0.289,0.384,0.389,-0.302,0.054,0.395,0.2,0.34,0.941,-2.12,-1.2,0.41,-2.01,-0.9,1.92,24.71,25.6,25.93,25.58,24.52,23.28,28.4,28.22,28.26,28.35,28.7,28.74,25.43,26.19,27.25,27.66,27.26,26.54,26.45,26.6,27.48,27.87,27.74,27.55,-3.011,0.203,-2.035,-0.973,-0.271,2.218,1006.27,1014.25,1008.15,1015.65,1013.37,1018.9,0.194,0.25,0.253,0.204,0.258,0.251,-0.05,-0.07,0.33,0.33,0.13,0.1,0.048,0.117,0.091,0.008,-0.03,0.048,-0.58,-1.33,0.3,0.89,1.09,0.17,-1.54,-2.73,0.08,-0.15,1.27,-1.64,1.86,4.12,0.89,-3.57,-12.9,-19.6,-0.7,1.6,0.2,-0.2,0.8,1.1,2030,2041,1858,1738,1652,1803,0.17,0.28,0.15,0.29,0.35,0.42,-0.343,-0.309,-0.347,-0.187,0.067,0.333,-0.16,-0.24,-0.31,0.01,0.07,0.1,-0.17,-0.23,-0.73,-0.02,-0.52,-0.81,1.43,-0.66,-0.29,0.85,-0.13,1.56,95.90600386,111.68209,66.84162551
1980,2.99,3.35,3.01,4.19,5.1,3.64,0.015,-0.062,-0.122,0.016,0.146,0.125,-2.066,-0.934,-1.433,-0.419,-1.155,0.721,0.133,0.169,-0.247,0.579,0.922,0.645,0.21,0.21,0.52,0.86,0.43,0.64,0.126,0.17,0.182,0.199,0.23,0.269,0.31,-0.3,-1.42,0.3,0.24,-1.86,0.722,0.559,0.422,0.537,0.461,0.781,0.53,0.86,0.15,-0.75,-0.7,1.59,0.029,-0.022,-0.08,-0.075,-0.02,0.184,-0.041,-0.049,-0.249,0.245,0.32,-0.155,-0.214,-0.17,0.091,-0.073,0.066,-0.093,0.121,0.075,0.089,0.018,0.157,-0.036,0.694,0.594,0.669,0.875,0.922,0.855,-0.145,-0.124,-0.239,-0.482,-0.973,-0.918,-1.38,-0.39,-0.73,1.26,-1.34,-0.07,24.35,25.73,26.46,25.71,24.46,22.88,28.62,28.47,28.51,28.7,29.08,29.15,26.12,26.52,27.05,27.33,27.15,26.76,27.1,27.03,27.38,27.78,27.99,27.99,-5.111,-8.808,1.919,-0.811,0.384,1.308,1006.58,999.87,1010.53,1011.33,1014.53,1018.83,0.303,0.247,0.287,0.342,0.387,0.276,0.59,0.34,0.23,0.25,0.37,0.54,0.058,-0.013,0.149,0.01,0.129,0.116,-0.11,1.32,1.09,1.49,1.2,-0.22,-1.01,2.03,-0.64,1.66,-0.16,-0.81,-10.11,-5.65,-2.9,2.31,6.24,7.33,0.7,0.5,-0.7,-1,0,0,2062,2000,1681,2079,2240,1932,0.4,0.41,0.17,0.56,0.71,0.47,-1.073,-1.201,-1.039,-0.996,-1.039,-1.038,-0.15,-0.34,-0.26,-0.11,-0.04,-0.08,-0.13,-0.18,-0.59,-0.13,0.95,1.21,-1.71,-0.5,1.09,0.72,1.85,3.29,109.3970101,125.125612,56.80965167
1981,1.72,2.78,5.09,4.03,3.68,2.19,-0.16,-0.159,0.022,-0.074,-0.062,-0.041,-0.116,-0.332,-1.645,0.43,0.18,-0.438,0.307,0.154,1.124,0.501,0.353,0.22,-0.31,-0.03,0.82,0.18,-0.36,-0.48,-0.063,-0.049,0.017,0.155,0.127,0.093,0.11,-1.13,0.9,1.37,0.07,-0.34,-0.438,-0.705,-0.201,-0.606,-0.282,-0.19,1.02,-0.03,0.03,-0.19,0.48,-0.82,0.101,-0.017,-0.012,-0.041,0.038,0.159,0.023,0.034,-0.135,0.334,0.214,-0.062,-0.242,-0.235,0.065,-0.18,-0.099,-0.009,0.057,0.115,0.072,-0.018,-0.02,-0.047,-0.248,-0.165,0.443,0.638,0.125,-0.023,-0.291,-0.385,-0.025,0.132,-0.267,0.251,-0.08,0.6,-1.65,0.25,0.24,-0.15,22.98,24.9,25.94,24.89,23.9,22.57,28.08,27.94,28.08,28.17,28.34,28.36,25.05,25.63,26.74,27.1,26.74,26.26,26.17,26.13,26.75,27.32,27.41,27.35,-5.093,-0.531,-2.467,1.342,0.728,0.874,996.44,1005.35,1006.99,1014.89,1013.15,1014.9,0.005,0.211,0.243,0.283,0.156,0.116,-0.5,-0.69,-0.52,-0.36,-0.35,-0.21,-0.012,0.024,0.101,0.047,0.075,0.14,0.59,1.46,0.99,1.45,1.75,1.69,2.46,0.21,1.27,-1.23,1.83,-0.1,8.51,6.72,7.51,8.28,3.01,-3.49,0.6,-0.3,-2.1,-0.2,1.3,2,1746,2045,2053,2232,1946,1569,0.27,0.16,0.6,0.34,0.36,0.18,-1.35,-1.094,-0.835,-0.558,-0.496,-0.464,-0.27,-0.47,-0.64,-0.52,-0.4,-0.22,-0.17,-0.3,-0.76,-1.21,-0.77,-0.8,-0.82,-0.3,0.35,0.22,0.16,-2.09,113.1748235,108.2021962,62.48497338
1982,0.37,-0.22,-0.45,-0.68,0.31,-0.3,-0.059,-0.057,-0.059,-0.161,-0.17,-0.162,-0.883,0.974,1.074,1.454,-0.209,-1.18,0.53,-0.119,-0.57,-0.817,-0.332,-0.734,-0.36,-0.06,0,0.47,1.05,1.73,0.102,0.127,0.147,0.087,0.04,-0.031,0.3,1.32,0.75,-0.29,0.1,2.17,0.369,0.139,0.04,0.563,1.111,1.468,1.11,1.16,0.41,-0.98,-1.29,0.1,0.017,-0.052,-0.069,-0.131,0.04,0.255,0.276,0.235,0.318,0.273,0.42,0.552,-0.163,-0.111,0.145,0.069,-0.05,0.007,0.06,0.081,0.059,0.106,-0.002,-0.084,-0.284,-0.15,0.086,-0.038,0.407,0.954,0.147,-0.146,-0.136,-0.021,-0.275,-0.193,-1.55,0.86,0.8,-0.04,-0.44,-1.34,24.36,25.42,25.4,24.96,24.21,23.35,28.19,28.04,28.37,28.78,29.21,29.2,25.96,26.55,27.06,27.52,27.66,27.31,26.69,26.71,27.36,27.9,28.42,28.32,1.537,-0.756,-4.487,-2.286,-0.294,-3.193,1009.35,1011.89,1014.81,1018.03,1016.54,1013.25,0.123,0.036,-0.049,-0.007,-0.007,0.027,0.02,-0.11,0.08,0.22,0.65,0.76,0.07,0.091,0.054,0.077,0.182,0.044,0.34,0.2,0.19,-0.19,-0.58,-0.78,-1.75,-1.2,-1.66,-2.08,-0.53,2.17,-12.52,-14.71,-16.67,-15.55,-15.26,-15.94,2,0.4,1,0.1,-0.6,-1.7,1790,2142,2105,1618,1447,1719,0.19,-0.07,-0.07,-0.16,-0.03,-0.15,-1.067,-1.466,-1.922,-2.359,-2.364,-1.924,0.03,-0.2,-0.21,-0.35,-0.37,-0.45,-0.17,-0.14,-0.37,0.67,0.46,-0.14,0.03,-1.57,0.84,-0.52,0.67,1.88,76.03912915,115.245786,54.29397681
1983,-5.87,-3.18,1.56,2.41,1.11,1.25,-0.276,-0.082,0.103,0.081,-0.026,-0.032,1.359,-1.806,-0.567,-0.738,-0.441,0.313,-1.321,-0.6,0.475,0.327,0,-0.034,2.76,3.09,2.5,1.57,0.67,0.81,0.064,0.072,-0.01,0.035,0.102,0.202,1.31,0.47,-0.03,-1.85,-0.36,0.75,2.817,2.98,2.934,2.598,2.589,2.425,-0.31,-0.31,-0.6,-0.46,0.63,-0.95,0.34,0.12,0.084,0.029,0.007,0.19,-0.18,-0.373,-0.707,-0.638,-0.03,0.582,-0.648,-0.247,0.247,-0.253,-0.157,0.033,-0.042,0.111,0.033,-0.056,-0.132,-0.14,2.689,2.909,3.038,2.873,2.561,2.18,-0.304,-0.309,-0.382,-0.216,0.533,-0.008,1.34,-1.04,0.59,-1.07,-0.01,1.31,27.25,28.23,28.85,28.82,28.37,27.43,28.96,28.8,28.81,28.81,29.21,28.98,28.6,28.63,28.91,29.06,28.98,28.19,28.93,28.75,28.76,28.74,28.82,28.27,-8.411,-12.164,-11.385,-5.171,-0.328,0.351,1001.17,997.66,1003.4,1016.23,1015.52,1013.57,-0.201,0.118,0.36,0.406,0.383,0.394,2.25,1.9,1.47,1.05,1.06,0.72,0.286,0.263,0.224,0.221,0.117,0.319,0.56,1.14,2.11,1.87,1.8,2.36,0.87,1.44,2.03,0.98,-0.08,2.1,10.85,11.4,12.17,13.81,11.93,3.12,-5.8,-6,-4,-1.5,1,0.1,1423,1226,1186,1189,1371,1386,-0.36,-0.02,0.44,0.45,0.17,0.35,1.822,1.991,2.282,2.929,3.734,4.227,0.33,0.37,-0.14,-0.25,-0.45,-0.45,1.6,3.17,4.47,3.73,4.13,4.82,-0.05,-0.89,-1.14,1.09,0.5,-1.78,75.00267538,90.82207549,55.27037253
1984,-1.62,-2.97,-3.43,-2.76,-1.77,-2.65,-0.084,-0.066,-0.103,-0.135,-0.144,-0.302,0.905,-0.303,-2.386,-0.284,0.479,0.007,-0.064,-0.414,-0.582,-0.252,-0.017,-0.703,-0.37,-0.54,0.03,-0.56,-0.41,-0.29,0.201,0.103,0.044,-0.077,-0.149,-0.247,-2.06,-1.78,-2.14,0.64,-1.72,-0.17,-0.225,-0.108,-0.026,-0.216,-0.557,-0.705,-0.97,-1.41,0.98,-1.7,-0.64,-0.76,0.069,-0.063,-0.223,-0.154,-0.111,0.114,-0.032,-0.004,0.054,0.209,-0.372,-0.236,-0.33,-0.233,0.022,-0.001,-0.014,0.008,0.047,0.085,0.13,0.077,0.01,-0.179,-0.34,-0.564,0.131,0.33,0.144,-0.107,0.148,0.047,0,-0.275,-0.241,-0.784,1.42,0.37,-0.79,-0.45,0.55,-0.12,24.32,25.12,25.75,25.4,23.58,22.3,27.64,27.6,27.59,27.78,28.19,28.38,25.3,26.43,27.14,27.24,26.38,25.5,26.14,26.72,27.05,27.3,27.31,26.95,4.257,2.995,1.301,1.688,1.318,1.482,1006.78,1007.5,1005.01,1015.6,1015.5,1014.88,0.05,-0.041,-0.075,-0.055,-0.077,-0.102,-0.54,-0.12,-0.23,-0.39,-0.46,-0.61,0.147,-0.005,0.087,0.061,-0.034,-0.131,1.5,1.21,1.77,1.52,1.3,0.18,0.6,0.73,1.08,1.41,0.37,-0.36,-10.65,-11.34,-12.98,-14.58,-15.05,-17.97,0.3,1.4,-0.4,0.6,0.3,-0.6,1161,1406,1220,1287,1283,1003,-0.05,-0.2,-0.1,-0.19,-0.16,-0.37,1.08,0.907,0.603,0.369,0.148,-0.183,0.68,0.65,0.79,0.5,0.26,0.46,-0.17,-0.3,-0.52,-0.04,-0.8,-2.62,-1.67,-0.33,-1.04,-0.91,-1.73,0.8,67.2139526,61.61423798,60.79707301
1985,-3.04,-2.71,-3.92,-3.9,-4.94,-0.62,-0.332,-0.307,-0.334,-0.379,-0.315,-0.106,-2.806,-1.44,0.551,0.652,-0.432,-0.347,-1.426,-1.105,-1.403,-1.705,-1.701,-0.519,-0.19,-0.95,-0.72,-1.08,-0.52,-0.12,-0.154,-0.169,-0.153,-0.102,0.008,0.037,-0.34,0.38,0.18,0.48,-0.14,1.06,-0.848,-1.146,-1.12,-1.218,-1.013,-0.885,1,-2.41,-0.67,-1.64,-0.31,-0.75,-0.123,0.107,-0.193,-0.083,-0.101,0.165,-0.362,-0.526,-0.222,-0.176,-0.092,-0.62,-0.145,-0.401,0.064,-0.139,0.031,-0.037,0.173,0.029,0.085,0,0.053,-0.136,-0.561,-0.603,-0.737,-0.483,-0.716,-0.09,0.13,0.117,-0.071,0.05,0.368,0.362,-2.38,-1,-0.19,0.2,-0.4,-0.5,23.84,24.83,25.6,24.28,22.67,21.84,27.55,27.68,27.59,27.78,27.99,28.09,24.68,25.65,26.45,26.63,26.26,25.66,25.58,26.11,26.53,26.93,27.09,26.92,0.568,6.115,4.007,1.571,0.973,-1.071,1000.04,1014.16,1016.99,1017.62,1015.62,1015.55,-0.223,-0.365,-0.46,-0.525,-0.362,-0.243,-1.09,-0.72,-0.75,-0.76,-0.68,-0.64,0.029,0.163,0.087,0.148,0.088,0.009,1.27,0.94,0.57,0.19,0,0.18,1.44,-0.99,-1.19,-1.27,-0.82,1.28,-0.37,4.21,6.3,11.11,13.57,14.04,-0.5,2,1.3,1.9,0.7,-0.6,745,737,733,751,802,761,-0.43,-0.37,-0.62,-0.65,-0.7,-0.3,0.366,0.147,-0.506,-0.572,-0.762,-1.244,0.32,0.52,0.14,0.15,0.24,0.04,-0.17,-0.3,-0.91,-2.4,-1.9,-1.59,-0.61,-1.12,1.81,-0.53,0.72,0.37,92.79423332,110.753072,66.07824867
1986,-3.85,-4.4,-4.39,-5.2,-4.42,-4.37,-0.321,-0.253,-0.27,-0.302,-0.206,-0.239,-0.568,-2.904,1.931,0.103,0.367,0.535,-1.683,-1.702,-1.797,-2.002,-1.579,-1.52,-0.73,0.26,-0.29,-0.29,0.04,-0.32,-0.1,-0.102,-0.118,-0.144,-0.114,-0.112,-1.11,-0.07,1.35,-1.62,0.72,-0.19,-0.42,-0.282,-0.248,-0.313,-0.247,-0.028,0.52,0.83,0.07,-1.56,-1.17,0.23,0.089,-0.128,-0.071,-0.173,-0.003,0.062,-0.129,0.12,0.35,0.071,0.281,0.157,-0.248,-0.009,0.041,-0.075,-0.116,-0.062,0.037,0.169,0.07,0.049,-0.063,-0.081,-0.309,-0.194,0.033,-0.166,0.322,0.316,0.326,0.052,0.292,0.617,0.19,0.374,0.78,-1.58,1.39,-0.79,0.84,1.54,24.31,25.9,25.78,24.86,23.35,22.03,27.96,27.95,28.11,28.23,28.53,28.76,24.99,26.04,26.92,27.3,26.78,26.27,26.04,26.26,26.99,27.65,27.58,27.56,-3.013,-5.391,-2.448,2.399,-1.489,-0.069,1001.44,1000.52,1007.7,1018.11,1015.26,1013.85,-0.247,-0.375,-0.425,-0.417,-0.291,-0.235,-0.52,-0.47,-0.23,-0.02,-0.2,0.03,0.083,0.106,0.003,0.04,0.157,0.215,1.12,1.61,2.18,1.55,1.16,0.89,0.6,0.41,0.51,-0.15,-0.03,0.39,8.74,10.15,11.96,9.11,3.56,-2.15,1.6,-1.7,0.8,0.5,-0.4,1.6,732,836,770,751,726,676,-0.62,-0.63,-0.61,-0.64,-0.54,-0.59,-0.564,-0.458,-0.515,-0.968,-1.395,-1.529,0.2,0.47,0.38,0.28,0.26,0.41,-0.17,-0.3,-0.77,-1.79,-0.98,-1.99,-0.36,-1.97,-1.16,0.04,0.28,-0.08,97.76409775,97.43339147,89.26691824
1987,-3.66,-2.74,0.18,0.93,0.57,2.34,-0.255,-0.195,-0.01,0.052,0.09,0.225,-1.148,-1.473,-1.746,0.387,0.325,-0.71,-1.15,-0.862,0.045,0.343,0.445,0.964,0.99,1.42,1.71,1.84,1.96,2.08,0.082,0.114,0.047,0.025,0.037,0.174,0.82,-0.03,0.48,1.85,-0.18,-0.96,1.203,1.529,2.044,1.951,1.595,1.885,-0.74,-0.49,0.73,-0.68,-0.26,-1.09,0.13,0.035,-0.107,0.122,-0.006,0.254,-0.182,-0.325,-0.361,-0.448,0.166,-0.105,-0.259,-0.07,0.033,-0.335,-0.088,0.003,0.13,0.122,0.064,-0.031,-0.105,-0.09,1.235,1.183,1.724,1.866,2.131,1.923,-0.323,-0.035,-0.489,-0.678,-1.205,-0.734,-1.85,-1.27,-0.26,2.03,0.96,-1.53,25.6,27.02,27.89,26.95,25.96,24.04,28.81,28.82,28.95,28.97,29.24,29.44,26.74,27.6,28.38,28.63,28.3,27.51,27.82,28.02,28.49,28.68,28.7,28.67,0.291,-1.989,-5.518,-2.083,-1.593,-1.093,1003.22,1005.45,1008.28,1012.3,1016.47,1013.99,-0.291,-0.034,0.176,0.381,0.497,0.543,1.25,1.28,1.26,1.02,0.93,1.13,0.121,-0.053,0.122,0.094,0.34,0.348,1.88,1.75,2.1,2.16,1.85,0.73,0.63,0.57,0.85,1.54,-1.02,0.56,-9.93,-11.37,-14.23,-16.2,-20.05,-21.47,-1.1,-2.1,-2.1,-2.3,-2.1,-1.8,725,715,740,849,878,779,-0.32,-0.17,0.22,0.33,0.37,0.62,-0.98,-0.584,-0.221,-0.192,-0.289,-0.497,0.02,0.08,0.16,0.04,0.28,0.42,-0.03,0.18,1.76,2.44,2.7,3.12,1.57,0.37,0.22,0.48,1.77,1.73,69.3026899,103.1896323,59.74288818
1988,-1.36,-2.51,-0.66,1.39,0.48,1.71,-0.02,-0.094,0.011,0.072,0.158,0.186,0.265,-1.066,-0.197,-0.561,-0.846,0.061,0.029,-0.449,0.162,0.646,0.661,0.888,0.54,0.54,0.18,-0.31,-1.32,-1.12,0.119,0.086,0.063,0.056,0.086,0.106,-1.09,-1.44,-2.23,0.39,-1.03,-1.14,0.996,0.72,0.425,-0.337,-1.008,-1.547,1.13,-0.13,0.26,-0.63,-1.16,-0.93,0.04,-0.126,0.001,-0.187,-0.011,0.046,0.444,0.269,0.068,0.147,-0.482,-0.087,-0.207,-0.194,0.141,0.045,-0.051,-0.082,-0.049,0.052,-0.007,0.049,-0.067,-0.095,1.089,0.664,0.456,0.308,0.103,-0.682,-0.136,-0.005,-0.272,-0.163,0.269,0.222,0.68,0.42,-0.58,-1.42,0.64,1.19,24.76,25.74,25.71,24.68,23.18,21.66,28.97,28.54,28.46,28.41,28.26,28,26.47,26.43,27.1,27.01,25.88,24.61,27.49,27.01,27.45,27.56,26.97,26.21,0.3,2.772,7.241,-3.226,1.243,-0.313,1005.4,1004.18,1011.88,1013.58,1013.46,1014.03,0.264,0.228,0.299,0.4,0.452,0.44,0.94,0.28,0.22,-0.1,-0.81,-1.33,0.441,0.539,0.569,0.446,0.37,0.283,0.93,1.24,1.42,0.94,1.2,0.74,0.03,1.37,0.38,1.12,0.61,1.31,7.81,6.17,5.86,6.59,5.46,0.42,-0.2,-0.6,1.1,0.2,1.5,0.1,1080,1050,1149,1227,1152,1394,0.15,-0.02,0.27,0.38,0.29,0.34,-1.718,-1.557,-1.35,-1.229,-1.016,-0.911,0.63,0.66,0.77,0.59,0.71,0.73,0.31,-0.01,0.77,-0.04,0.15,-0.3,1.83,0.3,0.53,-0.2,-0.15,-0.25,107.3519498,162.9753362,87.19082714
1989,-2.6,-2.84,-4.84,-5.79,-4.45,0.35,-0.202,-0.137,-0.234,-0.27,-0.127,0.11,3.106,3.279,1.53,-0.25,0.889,0.345,-0.582,-0.688,-1.144,-1.54,-0.677,0.75,-1.55,-1.24,-1.14,-1.66,-1.28,-0.76,-0.16,-0.152,-0.235,-0.193,-0.159,-0.092,1.14,-0.23,-0.28,-1.11,-0.04,-1.2,-1.467,-1.203,-1.444,-1.084,-0.895,-0.716,-1.81,2.34,0.6,1.29,0.45,0.09,0.115,0.089,-0.181,-0.21,0.035,0.098,-0.491,-0.116,-0.211,-0.179,-0.367,-0.487,-0.466,-0.416,0.087,-0.027,-0.098,0.007,-0.051,0.029,0.019,0.066,-0.068,-0.124,-1.167,-1.312,-1.056,-0.84,-0.459,-0.256,-0.664,-0.517,-0.15,0.608,0.336,-0.678,0.85,1.82,1.54,0.16,1.33,0.03,24.36,26.02,26.21,25.54,23.36,22.14,26.63,26.75,27.25,27.71,28.24,28.12,24.27,25.49,26.23,26.85,26.58,26.42,24.7,25.34,26.12,26.83,27.18,27.23,8.678,3.284,-1.98,-0.508,2.382,-1.82,1012.01,1015.04,1013.51,1015.95,1017.43,1016.45,-0.119,-0.32,-0.435,-0.443,-0.302,-0.071,-1.85,-1.39,-1.11,-0.83,-0.59,-0.29,0.19,0.074,0.128,0.082,0.079,-0.011,-0.95,-1.02,-0.83,-0.32,0.47,0.36,-1.57,-1.71,-1.56,-0.77,-0.04,-0.56,-2.87,-3.56,-1.63,-1.93,-5.46,-9.38,2.5,2,1.8,2.7,2,1.2,2354,2224,2051,1896,1901,2396,-0.42,-0.48,-0.66,-0.89,-0.66,-0.17,2.629,2.577,2.039,1.436,0.658,0.103,0.41,0.23,0.35,0.29,0.33,0.31,-0.17,-0.3,-0.91,-1.9,-1.29,-1.84,1.26,0.53,-1.98,-0.28,0.36,-0.62,86.48053697,142.7972619,63.57759547
1990,-0.18,-1.27,-1.6,-0.8,0.61,-0.3,-0.28,-0.142,-0.159,-0.098,-0.039,-0.037,1.001,3.402,2.99,1.879,0.943,0.304,-0.961,-1.135,-1.102,-0.702,0.128,-0.063,0.15,1.13,0.61,0.31,-0.3,0.11,0.148,0.207,0.24,0.169,0.001,0.111,0.18,-0.14,-0.03,-1.11,2.25,-0.54,0.017,0.346,0.372,0.559,0.45,0.157,-0.58,-1.86,0.03,1.72,0.21,0.71,0.011,0.119,0.14,-0.171,-0.069,0.118,0.431,0.005,0.026,-0.079,-0.285,-0.185,-0.278,-0.301,0.381,0.01,0.033,-0.048,0.011,-0.05,-0.15,0.007,0.043,-0.141,0.232,0.529,0.916,0.397,0.614,0.43,0.03,0.028,0.263,0.439,0.201,-0.239,0.7,1.16,1.13,2.03,-1.37,0.29,24.22,26.17,26.15,25.15,24.14,22.76,28.49,28.58,28.69,28.83,28.93,28.97,25.45,26.54,27.01,27.56,27.42,26.55,26.63,27.03,27.39,27.94,28.08,27.63,2.57,1.408,0.761,-1.401,-1.015,0.407,1007.57,1017.47,1010.16,1015.76,1014.35,1015.8,0.046,0.011,0.129,0.194,0.125,0.079,0.07,0.3,0.16,0.28,0.3,0.1,0.2,0.353,0.262,0.265,0.308,0.203,-0.3,-0.65,-0.62,0.27,0.44,0.44,-1.09,-2.78,0.04,-0.62,0.27,-1.39,-8.71,-6.74,0.95,5.72,11.46,12.9,-0.1,-3,-0.7,0.3,2,0.5,2101,1783,1888,1853,1897,1709,-0.08,-0.1,-0.04,0.06,0.13,-0.02,-1.314,-1.647,-1.634,-1.573,-1.714,-1.81,-0.34,0.13,0.32,0.35,-0.06,0.08,-0.13,-0.12,-0.31,0.66,0.49,0.87,1.37,0.24,-0.13,-0.84,0.17,0.77,100.0767732,85.23413655,52.64097723
1991,-1.29,-1.19,-2.06,-3.57,-4.43,-5.03,-0.176,-0.098,-0.05,-0.114,-0.135,-0.111,0.723,-0.876,-0.527,0.53,0.486,-0.115,-0.983,-0.714,-0.769,-0.96,-0.715,-0.846,0.12,0.22,0.64,0.86,1.37,0.92,0.167,0.118,0.105,0.121,0.131,0.08,0.93,-0.67,0.3,-1.28,-0.81,-1.17,0.382,0.344,0.371,0.4,1.013,1.255,-0.45,0.31,-0.38,-0.14,-1.13,1.02,0.092,-0.026,-0.174,-0.14,-0.036,0.102,0.151,0.168,0.141,0.638,0.598,0.09,-0.329,-0.062,0.05,0.051,0.042,-0.035,-0.02,0.142,0.1,0.093,-0.018,-0.054,0.308,0.306,0.393,0.445,0.718,1.14,0.47,0.194,0.294,0.229,-0.479,-0.797,0.49,0.74,-0.61,0.17,0.12,-0.52,23.99,25.59,26.31,25.15,24.44,23.28,28.96,28.71,28.58,28.94,29.37,29.28,25.84,26.5,27.12,27.65,27.64,27.43,27.07,27.12,27.38,28.1,28.36,28.41,1.973,-1.423,-4.147,1.941,1.095,-0.023,1007.73,1002.75,1014.73,1014.04,1014.46,1016.24,0.078,-0.017,-0.174,-0.267,-0.387,-0.34,0.37,0.26,0.02,0.32,0.47,0.71,0.213,0.17,0.156,0.238,0.282,0.255,-2.02,-1.19,-0.74,-1.01,-0.51,-1.47,0.2,1.13,-1.21,0.38,-0.63,-0.92,8.71,8.44,9,10.69,3.82,-3.34,1,0.4,-1.1,-1,-1.7,-0.2,2294,2430,2300,1988,1903,2068,-0.14,-0.11,-0.22,-0.39,-0.42,-0.43,-2.109,-2.09,-2.002,-1.793,-1.766,-1.843,0.12,0.06,0.14,0.31,0.49,0.44,-0.03,-0.03,0.44,0.96,0.72,1.49,-1.3,-0.78,1.83,0.7,0.56,0.63,99.02441217,128.1552346,41.80307211
1992,-1.47,-0.98,-0.75,-1.21,-0.34,0.02,-0.172,-0.076,-0.074,-0.166,-0.204,-0.132,0.55,1.122,0.984,-0.521,1.341,-0.302,0.282,0.152,-0.04,-0.419,-0.573,-0.399,2.12,1.51,2.22,2.05,1.2,1.17,-0.246,-0.132,-0.138,-0.153,-0.078,-0.033,2.49,0.92,-0.7,0.77,1.53,1.55,1.343,1.625,2.044,2.357,2.201,1.131,-0.17,0.7,1.28,1.46,1.02,-0.14,0.09,0.155,-0.12,-0.118,-0.101,0.083,-0.502,-0.543,-0.586,-0.508,-0.327,-0.51,-0.401,-0.424,0.001,-0.013,0.054,-0.09,-0.029,0.038,0.094,0.029,0.062,-0.072,1.751,1.872,1.992,2.271,2.141,1.74,-0.447,-0.55,-0.586,-0.579,-1.012,-0.603,-0.66,0.77,0.51,1.88,2.49,0.51,25.02,26.62,27.72,27.58,26.44,23.86,29.03,29,29.03,29.16,29.39,29.28,27.03,27.61,28.22,28.79,28.49,27.28,28.36,28.43,28.66,29.05,29.01,28.35,-4.153,-8.402,-8.342,-3.277,-2.12,-2.053,998.86,1007,1010.31,1013.95,1015.85,1013.8,-0.02,-0.007,-0.122,-0.16,-0.146,0.005,1.65,1.55,1.28,1.27,1.12,0.66,-0.023,0.085,0.024,0.158,0.228,0.258,0.05,0.31,0.67,0.75,1.54,1.26,0.99,0.09,0.46,-0.29,1.2,1.36,-13.96,-14.33,-16.84,-17.79,-15.96,-15.34,-4.7,-1.5,-3.3,-1.7,0.4,-1,2176,2321,1713,1585,1254,1167,0,0.04,-0.18,-0.29,-0.18,-0.11,-1.363,-0.945,-0.48,-0.278,-0.363,-0.564,-0.27,-0.26,-0.4,-0.57,-0.66,-0.8,-0.04,0.1,0.55,2.72,1.98,0.96,0.35,-0.81,1.12,-0.62,-0.21,-0.17,97.26111277,125.7919641,66.43523467
1993,-2.26,-2.51,-3.14,-3.26,-2.3,-0.88,-0.222,-0.169,-0.226,-0.156,-0.146,-0.164,3.495,0.184,0.764,-0.435,-1.607,-0.52,-0.753,-0.206,-0.326,-0.2,-0.419,-0.646,0.59,0.74,0.81,1.72,1.21,1.38,-0.002,0.024,-0.089,-0.159,-0.145,-0.13,0.64,1.83,0.43,0.39,-0.87,0.87,0.545,0.971,1.318,1.78,1.747,1.267,-0.65,2.12,0.21,0.71,0.37,1.59,0.131,-0.08,-0.045,-0.157,-0.118,0.127,0.114,0.21,-0.075,-0.021,0.397,0.338,-0.296,-0.083,0.119,-0.018,0.002,-0.035,-0.101,0.09,0.049,-0.005,-0.016,-0.065,0.7,0.998,0.979,1.39,1.992,1.499,-0.531,-0.522,-0.551,-0.479,-0.275,0.319,1.35,0.12,0.3,0.91,-0.67,-0.29,24.68,26.46,27.07,26.84,25.6,24.11,28.71,28.37,28.5,28.78,29.03,29.03,25.79,26.94,27.64,28.43,28.33,27.03,26.87,27.2,27.71,28.5,28.7,28.08,-6.047,-7.893,-2.469,-0.714,-7.225,-1.215,1010.81,1002.44,1007.56,1009.7,1012.52,1015,-0.101,-0.163,-0.115,-0.009,0.05,0.063,0.17,0.33,0.35,0.72,0.81,0.38,-0.16,-0.248,-0.091,-0.053,-0.047,-0.002,0.05,0.19,0.76,1.21,2.13,2.34,-1.48,0.44,0.94,1.26,2.43,0.66,9.63,10.81,11.36,12.6,13.56,6.55,-1.5,-1.2,-0.8,-1.9,-0.6,-1.4,1210,1426,1364,1159,1124,1093,-0.25,-0.25,-0.23,-0.07,-0.04,0.07,-0.819,-0.668,-0.417,-0.267,-0.481,-0.629,-0.25,-0.13,-0.09,0.2,0.03,-0.03,-0.14,0.03,0.21,2.19,2.13,0.94,-0.22,0.24,-0.48,-1.67,0.96,0.04,97.21586831,106.5208708,62.93701016
1994,-6.23,-5.47,-5.56,-4.92,-4.82,-3.49,-0.279,-0.291,-0.261,-0.182,-0.189,-0.204,-0.288,-0.862,1.881,0.225,-0.115,1.606,-1.439,-1.807,-1.27,-1.108,-1.34,-1.42,0.16,-0.07,0.53,1.1,0.88,0.82,-0.033,-0.01,0.063,0.106,0.112,-0.025,-1.21,1.14,-1.77,-0.82,0.82,-0.15,0.431,0.074,0.197,0.154,0.388,0.556,2.38,0.47,-1.06,0.98,-0.76,-0.14,-0.066,0.033,-0.088,-0.152,0.021,0.078,0.132,-0.297,0.224,0.365,0.527,0.466,-0.182,-0.256,0.114,0.038,-0.043,-0.127,0.009,0.059,0.003,0.002,-0.108,-0.078,0.334,0.191,0.159,0.426,0.531,0.764,0.497,0.064,0.073,0.232,0.29,-0.064,0.7,0.08,0.92,1.1,-0.48,1.84,24.56,25.89,25.75,24.49,23.52,22.31,28.54,28.27,28.46,28.82,29.2,29.27,25.84,26.4,26.88,27.15,27.17,26.63,26.74,26.97,27.52,28.13,28.27,28.09,1.699,-1.061,-1,-0.003,-0.914,1,1008.31,1010.4,1012.37,1013.97,1013.61,1016.87,-0.455,-0.409,-0.508,-0.392,-0.326,-0.242,0.05,0.1,0.15,0.33,0.37,0.4,0.104,0.221,0.093,0.088,0.04,0.018,1.21,0.59,0.8,1.05,1.23,0.46,-0.8,-1.27,0.23,-0.7,0.48,-1.36,-7.64,-9.84,-11.29,-14.71,-18.03,-23.09,-0.2,0.4,-1.1,-2.1,-1.1,-0.7,1150,996,904,791,799,773,-0.59,-0.61,-0.6,-0.46,-0.5,-0.43,-1.203,-1.399,-1.611,-1.847,-2.339,-2.75,0.32,0.12,0.24,0.18,0.11,-0.18,-0.13,-0.22,-0.26,0.54,0.22,0.94,0.47,-1.16,-0.22,-0.14,1.08,0.48,108.6141412,162.8659943,108.8855249
1995,-1.37,-1.66,-3.49,-1.58,0.76,1.33,-0.045,-0.023,0.033,0.093,0.289,0.381,-0.154,1.429,0.393,-0.963,-0.891,-0.112,-0.004,0.321,0.153,0.835,1.807,2.011,0.84,0.71,0.44,0.96,0.62,0.26,0.02,0.061,0.171,0.233,0.286,0.34,-1.11,-0.6,0.56,-1.18,-0.82,0.15,1.093,1.015,0.763,0.179,-0.005,0.309,1.03,0.05,0.61,1.13,0.72,0.02,0.102,0.072,-0.133,-0.262,-0.05,0.035,0.087,0.63,0.426,-0.015,-0.312,-0.078,-0.214,-0.156,0.061,0.039,-0.026,-0.103,-0.04,-0.046,0.069,0.076,-0.045,-0.086,1.197,0.959,0.862,0.421,0.508,0.465,-0.183,0.423,0.506,-0.225,-0.131,0.59,0.57,0.85,0.91,-1.07,-1.33,0.44,25.48,26.25,26.09,24.32,23.37,22.43,29.24,29.16,29.23,29.26,29.36,29.21,26.51,26.9,27.26,27.2,26.55,26.3,27.74,27.67,27.91,28.17,27.87,27.8,-11.749,-2.735,-4.533,-0.973,-1.434,-0.292,1002.19,1006.59,1011.94,1013.9,1013.84,1014.58,-0.063,-0.024,0.038,0.157,0.208,0.314,1.04,0.81,0.55,0.38,-0.02,0.11,0.241,0.203,0.161,0.199,0.273,0.342,-0.49,0.46,0.75,0.83,1.46,1.27,0.2,0.68,0.03,0.04,0.09,0.9,8.38,8.01,8.79,11.79,14.92,15.62,-0.7,-0.2,1.2,-1.1,-0.6,0.2,827,856,851,777,755,757,-0.05,-0.04,-0.05,0.11,0.3,0.48,-1.726,-1.911,-2.19,-2.296,-2.263,-2.004,0.4,0.61,0.74,0.61,0.59,0.64,0.04,0.08,-0.1,0.48,0.16,1.58,-0.18,-2.05,-1.04,0.72,0.91,-1.32,95.63376874,124.151466,74.69376877
1996,5.71,2.64,0.09,0.02,-0.15,-1.58,0.007,-0.015,-0.04,0.027,-0.048,-0.106,-1.2,0.163,-1.483,-1.525,-0.226,0.497,1.31,0.751,0.453,0.946,0.415,-0.179,-0.66,-0.39,-0.52,-0.53,-0.49,-0.55,0.026,-0.073,-0.087,-0.136,-0.136,-0.093,-0.47,-1.29,-1.23,0.72,0.01,-0.5,-0.514,-0.627,-0.359,-0.906,-0.804,-0.576,0.26,0.27,2.41,0.07,1.15,-0.96,-0.181,-0.197,-0.207,-0.21,-0.07,0.047,0.426,0.232,-0.14,-0.393,-0.23,-0.358,-0.137,-0.053,-0.021,0.051,0.014,-0.098,0.081,0.024,0.038,0.074,-0.018,-0.088,-0.646,-0.599,-0.264,-0.501,-0.14,0.022,-0.008,0.276,-0.023,-0.152,0.383,-0.137,-0.65,-0.52,-0.66,-0.33,-0.93,0.87,23.81,25.52,26.28,24,23.11,21.66,27.89,27.61,27.91,28.25,28.62,28.71,25.06,25.84,26.75,26.83,26.63,26.1,25.83,25.98,26.73,27.42,27.65,27.49,1.09,-3.874,-1.118,0.299,-1.566,1.471,1008.3,1007.99,1010.94,1009.61,1015.82,1016.67,0.57,0.431,0.327,0.289,0.342,0.234,-0.83,-0.85,-0.59,-0.38,-0.26,-0.2,0.221,0.207,0.266,0.281,0.234,0.325,0.59,0.75,1.01,1.46,2.18,1.1,-0.68,-0.7,-0.75,0.51,0.37,-1.18,-5.79,-6.9,-9.92,-11.08,-14.88,-17.03,1.6,0.4,1.9,1.3,0.5,1.9,745,715,707,693,701,696,0.74,0.4,0.22,0.31,0.36,0.18,0.036,-0.373,-0.6,-0.911,-1.525,-1.984,0.18,0.43,0.47,0.65,0.77,0.87,-0.17,-0.25,-0.41,-0.51,-0.27,-0.23,-0.92,0.07,-0.3,-2.12,-1.46,-0.09,82.2306434,111.0752249,72.0133333
1997,4.26,3.32,2.7,2.11,2.52,2.32,-0.074,-0.018,0.022,0.025,0.057,0.026,-0.457,1.889,1.091,0.324,-0.961,-0.815,0.728,0.677,0.374,1.149,1.228,0.872,-0.3,-0.76,0.42,0.96,2.11,2.1,-0.058,0.03,-0.006,0.032,0.026,0.161,1.68,0.61,-0.55,1.52,0.73,1.26,-0.446,-0.315,0.332,0.957,1.782,2.512,0.22,-0.03,-0.06,1.7,2.43,-0.56,-0.098,0.163,-0.166,-0.154,0.024,0.035,0.076,0.31,0.301,0.111,0.027,0.326,-0.114,-0.466,-0.046,0.208,-0.005,-0.109,0.041,-0.002,0.091,0.103,0.019,0.047,-0.491,-0.611,-0.254,0.497,1.121,2.314,0.695,0.516,0.229,-0.479,0.157,0.365,-1.08,1.48,1.13,-1.25,-0.21,-1.17,23.7,26.08,27.17,26.74,26.77,26.15,28.42,28.53,28.73,29.33,29.51,29.37,24.8,25.78,26.97,27.5,28.03,28.23,26.09,26.46,27.13,27.97,28.63,28.86,-2.977,6.571,2.004,-0.95,-4.599,-2.225,1002.04,1004.22,1014.99,1011.38,1012.88,1014.84,0.359,0.425,0.399,0.448,0.416,0.392,-0.58,-0.38,-0.19,0.18,0.71,1.17,0.192,0.132,0.169,0.258,0.194,0.302,0.23,0.28,0.65,1.05,1.83,2.76,0.16,0.45,-1.56,0.29,0.77,-0.25,-3.57,1.94,4.77,9.74,12.37,14.5,0.8,2.9,-0.7,-1,-2.2,-2.3,740,738,735,745,746,717,0.31,0.34,0.15,0.27,0.43,0.54,-1.345,-1.149,-0.538,0.297,1.055,1.783,-0.22,-0.34,-0.47,-0.5,-0.54,-0.67,-0.17,-0.21,0.19,0.67,2.16,3.77,-2.31,-0.24,-0.16,-1.04,1.21,-0.67,82.69961773,110.7248863,62.64724719
1998,-1.55,1.52,2.17,0.74,1.2,1.42,0.147,0.309,0.339,0.309,0.401,0.507,-2.081,-0.183,-0.254,-0.038,0.429,-0.711,1.15,1.744,1.817,1.252,1.715,1.652,2.73,2.62,2.45,1.55,0.62,-0.97,0.225,0.224,0.232,0.195,0.463,0.605,0.55,2.72,-1.11,0.55,-0.6,-1.56,2.876,2.946,2.912,2.481,1.941,0.685,0.62,-0.33,1.31,-0.49,-1.36,0.23,0.017,0.186,-0.034,-0.121,0.003,0.165,0.663,0.452,0.124,-0.018,0.135,0.029,-0.245,-0.242,0.119,-0.017,0.066,-0.08,-0.024,0.048,-0.024,-0.047,-0.032,-0.01,2.481,2.78,2.748,2.672,2.178,1.165,0.098,0.246,0.102,0.348,-0.227,0.172,-0.05,-0.57,0.51,-0.88,-1.17,-2.44,28.12,28.82,29.24,28.45,27.36,25.19,29.06,28.9,28.83,28.77,28.87,28.46,28.71,28.86,29.1,29.16,28.53,27.04,28.98,28.71,28.66,28.64,28.47,27.41,-8.112,-10.934,-3.578,-0.944,-2.547,1.351,1000.74,1000.2,1008.11,1015.1,1015.82,1017.74,0.759,0.801,0.837,0.7,0.652,0.542,2.3,1.88,1.33,0.85,0.57,-0.27,0.407,0.544,0.581,0.618,0.71,0.686,0.83,1.56,2.01,1.27,0.7,0.4,0.3,0.89,0.69,0.85,-1.87,0.09,-0.85,-2.96,-4.92,-7.82,-14.08,-18.57,-4.4,-3.4,-4,-2.4,0.4,1.6,934,934,1091,1083,1067,1084,0.43,0.77,0.75,0.59,0.59,0.66,2.716,2.87,3.045,2.983,3.164,3.21,0.72,0.74,0.69,0.54,0.54,0.66,3.57,4.93,5.43,4.8,4.46,5.33,0.06,0.67,1.04,2.32,1.88,-0.34,94.94153371,137.2977939,111.2261393
1999,1.36,-0.3,-2.06,-2.8,-1.87,-0.83,0.068,0.075,0.087,0.07,0.18,0.198,0.11,0.482,-1.492,0.284,0.226,0.707,0.374,0.613,0.663,0.733,1.002,0.912,-1.7,-1.22,-1.04,-1.22,-0.66,-0.83,0.309,0.296,0.321,0.27,0.242,0.243,-0.89,-0.57,1.39,0.42,1.66,-0.74,-1.085,-1.026,-0.807,-1.391,-0.925,-1.057,-0.89,-1.12,-0.73,-0.57,-0.69,-1.44,-0.156,-0.173,-0.281,-0.07,-0.008,0.053,-0.294,0.003,0.208,-0.036,-0.482,-0.244,-0.117,0.021,-0.002,-0.081,-0.029,-0.014,0.037,0.124,0.077,-0.034,-0.024,-0.053,-1.152,-1.237,-1.068,-1.023,-0.664,-0.403,0.41,0.483,0.692,0.445,1.249,1.248,0.39,-0.11,-0.16,-1.18,0.9,1.44,24.23,25.73,26.47,24.53,23.64,22.09,26.89,26.9,27.14,27.66,28.14,28.05,24.41,25.56,26.81,26.9,26.55,25.89,24.96,25.58,26.43,26.92,26.99,26.66,4.302,3.174,0.822,4.186,2.295,0.057,1007.95,1006.91,1012.04,1017.12,1015.72,1014.03,-0.03,-0.19,-0.231,-0.219,-0.126,-0.021,-1.7,-1.25,-0.89,-0.87,-0.91,-1.02,0.493,0.406,0.39,0.205,0.075,0.064,-0.32,-0.66,-0.33,-0.41,-0.68,-1.3,-0.44,-0.46,0.38,0.05,-0.05,0.43,3.09,5.84,8.59,13.51,15.56,15.23,3,1.6,2.1,2.3,0.4,0.4,1426,1420,1263,1172,1486,1698,-0.1,-0.2,-0.23,-0.13,0.11,0.15,2.451,2.095,1.7,1.138,0.449,-0.101,0.13,0.05,0.33,0.45,0.53,0.49,-0.17,-0.23,-0.24,-0.5,-0.83,0.71,0.08,1.51,1.19,1.3,-0.3,0.32,116.8836914,166.5318382,90.61134971
2000,1.19,-0.38,0.31,-1.41,-1.99,-2.3,-0.066,-0.02,0.121,0.06,0.123,0,1.27,1.076,-0.451,-0.279,0.969,0.586,0.172,0.48,1.16,0.575,0.614,-0.042,-1.26,-1.76,-1.2,-1.01,-0.6,-0.29,-0.161,-0.136,-0.092,-0.082,-0.057,-0.1,0.65,0.1,-1.13,-0.95,0.96,-0.34,-1.411,-1.259,-1.081,-0.56,-0.605,-0.802,-0.92,-0.55,-0.4,0.08,-0.62,-0.24,-0.129,0.118,-0.112,-0.163,-0.046,0.042,0.003,0.432,0.558,0.196,0.077,0.026,-0.248,-0.367,0.245,-0.063,-0.045,-0.088,-0.004,-0.075,-0.063,-0.065,-0.066,-0.021,-1.198,-1.246,-1.138,-0.521,0.188,-0.101,0.381,0.092,0.077,0.45,0.768,0.31,0.19,1.48,0.4,-0.18,1.52,0.28,24.01,25.38,25.67,25.53,24.27,22.93,27.17,26.88,26.95,27.4,27.9,28.25,24.12,25.35,26.78,27.46,26.84,26.01,24.88,25.23,26.27,26.99,27.1,26.97,0.929,-4.992,3.324,-0.614,-0.812,-1.944,1013.54,1000.9,1005.93,1015.08,1016.26,1015.37,0.054,0.002,0.005,0.041,0.028,0.013,-1.78,-1.59,-1.05,-0.8,-0.81,-0.72,0.385,0.259,0.151,0.248,0.203,0.13,-2,-0.83,0.29,0.35,-0.05,-0.44,-1.7,1.2,0.95,-0.58,-0.16,-1.19,4.85,4.2,5.51,3.98,-0.99,-7.83,1.1,2.7,2.2,2,0.6,-0.3,1581,1732,2082,1842,1845,1798,-0.18,-0.1,0.06,-0.01,-0.06,-0.16,1.452,1.827,1.857,1.494,0.783,0.17,0.21,0.39,0.4,0.37,0.29,0.2,-0.17,-0.3,-0.8,-0.04,-0.31,-1.11,-0.21,-0.41,0.01,-1.3,-1.46,0.57,103.5082293,104.1340541,59.23944844
2001,0.4,-0.06,0.15,-1.45,-2.08,-0.64,-0.109,-0.009,0.033,0.006,0.009,0.216,-0.959,-0.622,-1.687,0.906,0.452,-0.015,0.735,0.626,0.71,0.579,0.695,1.445,-0.87,-1.16,-0.46,-0.09,0.35,0.12,0.035,0.091,0.075,0.032,0.055,0.355,-0.85,0.12,-0.35,-0.59,1.48,0.48,-0.537,-0.433,0.127,0.168,-0.085,-0.055,-0.9,0.26,-1.16,0.06,-1.42,0.55,0.039,-0.037,-0.083,-0.154,-0.05,0.051,0.336,0.513,0.488,0.072,-0.011,-0.081,-0.152,-0.228,0.007,0.109,0.016,-0.181,-0.082,0.04,-0.051,0.047,0.023,-0.003,-0.542,-0.718,-0.607,-0.145,0.22,-0.028,0.896,0.904,1.212,0.953,0.767,0.327,-0.22,0.07,-1.73,-0.15,0.03,0.11,24.25,26.11,26.9,25.99,23.97,22.71,27.49,27.38,27.68,28.17,28.65,28.92,25.37,26.39,27.31,27.52,27.21,26.45,25.93,26.25,26.89,27.39,27.7,27.61,1.31,2.013,0.853,2.209,-0.607,1.43,1002,1009.46,1011.58,1016.05,1015.52,1016.5,-0.125,-0.043,0.089,0.157,0.189,0.098,-0.74,-0.58,-0.43,-0.4,-0.21,-0.08,0.459,0.399,0.505,0.455,0.455,0.507,0.6,0.29,0.45,-0.31,-0.3,-0.47,1.29,-0.51,0.39,-0.7,-0.01,-0.89,-15.69,-15.53,-15.99,-17.73,-20.99,-23.31,1.6,2.8,1.5,0.3,-0.8,0.5,1666,1467,1777,1781,1479,1737,-0.13,-0.15,0.15,0.05,0.06,0.24,0.785,1.25,0.853,0.239,-0.568,-1.504,0.16,0.17,0.29,0.38,0.47,0.36,-0.17,-0.24,-0.44,0.12,-0.68,0.51,0.42,1.57,-1.05,1.1,-1.16,0.41,103.2536091,117.9094243,72.26788103
2002,6.05,4.3,2.14,-2.38,-4.39,-4.43,0.2,0.183,0.163,0.045,-0.03,-0.098,1.381,1.304,0.902,0.748,0.401,0.573,2.021,1.441,0.857,0.016,-0.343,-0.904,-0.15,-0.33,0.44,0.4,1.04,0.99,0.222,0.206,0.239,0.311,0.296,0.215,0.7,-0.56,0.39,-0.38,0.52,0.18,-0.174,0.147,0.589,0.659,0.729,0.916,-0.11,-0.89,1.99,0.45,1.52,-0.2,0.095,0.027,-0.151,-0.289,-0.027,0.096,-0.162,0.036,-0.126,-0.299,-0.393,-0.227,-0.286,-0.149,-0.061,0.166,0.015,-0.21,-0.091,-0.02,0.049,0.092,-0.071,0.017,-0.053,-0.213,-0.201,0.342,0.801,0.882,0.052,0.696,1.005,0.521,0.802,0.55,0,0.8,0.32,1.14,-0.15,0.69,24.09,26.22,27.38,26.44,25.28,23.27,28.85,28.71,28.62,29.15,29.61,29.59,25.24,26.22,27.51,27.7,27.67,27.29,26.49,26.83,27.48,28,28.43,28.48,2.848,2.942,1.664,0.226,-0.127,0.495,1007.86,1010.13,1014.46,1018.43,1014.35,1013.67,0.697,0.601,0.305,-0.025,-0.025,0.053,-0.18,0,0.16,0.2,0.52,0.79,0.462,0.336,0.444,0.637,0.544,0.591,0.27,-0.64,-0.43,-0.32,-0.63,-0.35,-0.7,-0.11,-1.56,-2.4,-0.56,0.06,4.64,8,9.32,14.03,14.16,13.26,0.7,1.8,-0.4,-0.1,-1.4,-0.4,2273,2050,2044,1898,1784,1487,0.78,0.53,0.37,-0.02,-0.19,-0.13,-1.78,-1.343,-1.287,-1.326,-1.663,-2.335,0.14,-0.06,0.29,0.31,0.49,0.33,-0.13,-0.14,0.06,0.81,0.47,-0.36,-0.04,0.87,0.73,0.21,-0.79,-0.72,82.15194966,102.1960958,65.67045966
2003,0.13,-1.6,-3.1,-1.79,-1.51,-0.11,0.069,0.006,0.131,0.098,0.17,0.224,-0.472,0.128,0.933,-0.178,1.017,-0.102,1.054,0.54,0.47,0.481,0.421,0.547,0.85,1.07,0.83,0.29,0.07,0.3,0.172,0.177,0.283,0.331,0.323,0.183,-0.39,0.87,1.24,0.31,-0.85,1.79,0.876,0.821,0.762,0.142,-0.566,-0.11,2.07,0.94,0.56,0.34,-0.57,0.17,0.085,-0.11,-0.087,-0.158,-0.022,0.032,-0.444,0.168,0.243,0.067,0.256,0.443,-0.13,0.039,0.046,0.166,0.101,-0.216,0.088,0.149,0.056,0.083,-0.049,0.052,1.18,0.923,0.82,0.311,0.07,0.048,0.76,0.321,0.081,-0.195,1.287,1.18,-0.32,0.26,-0.07,-0.34,0.06,0.24,24.99,26.26,26.91,25.41,23.24,22.14,29.08,28.94,28.95,28.94,29.01,29.17,26.67,27.01,27.48,27.23,26.45,26.21,27.68,27.63,27.85,27.75,27.42,27.57,-2.517,-0.073,-0.57,-2.628,-0.762,-2.216,999.59,1007.49,1010.44,1014.47,1015.92,1013.69,0.18,0.274,0.209,0.246,0.297,0.29,1.01,0.8,0.51,-0.05,-0.49,-0.12,0.506,0.512,0.487,0.565,0.439,0.415,2.09,1.75,1.51,1.18,0.89,0.68,1.01,0.68,-0.36,-0.1,-1.85,-0.53,-1.39,-1.43,-3.3,-8.56,-13.63,-17.71,-0.3,-1.1,-0.5,-0.2,-0.5,-1,1440,1245,1322,1263,1162,1293,0.27,0,0.04,0,0.06,0.22,-2.523,-2.644,-2.91,-2.995,-3.04,-2.895,0.56,0.57,0.63,0.42,0.37,0.1,-0.03,0.02,1.21,0.46,-0.09,1.43,-0.14,0.17,-1.01,1.58,0.03,0.76,111.5329558,150.9193083,78.35041132
2004,2.87,3.07,2.17,2.72,0.9,1.22,0.229,0.228,0.177,0.127,0.025,0.196,-1.686,-1.528,0.318,-0.409,-0.094,-0.236,1.907,1.75,1.121,0.885,0.339,0.888,0.88,-0.49,0,0.65,-0.13,0.61,0.136,0.244,0.219,0.245,0.258,0.167,-0.35,0.63,0.87,0.9,-0.12,-0.06,0.564,0.428,0.318,0.368,0.106,0.217,0.66,-0.5,-1.28,1.23,1.92,3.36,-0.12,0.016,-0.045,-0.168,-0.057,0.202,-0.215,-0.13,0.155,-0.165,-0.455,-0.425,-0.028,-0.216,0.165,0.138,0.059,-0.1,0.09,0.097,-0.074,0.044,0.117,-0.022,0.304,0.327,-0.125,0.221,0.495,0.223,0.218,0.185,0.25,0.127,-0.182,-0.056,-0.85,-0.6,0.67,1.11,0.23,-0.59,25.08,26.48,26.13,25.29,23.47,22.55,28.72,28.62,28.53,28.82,29.19,29.24,26.24,26.83,27.49,27.63,26.98,26.57,26.91,27.06,27.4,27.92,28.04,27.95,-0.554,-0.219,5.007,0.078,1.529,0.547,1005.07,1001.85,1014.03,1011.56,1015.18,1016.52,0.508,0.547,0.497,0.333,0.229,0.207,0.25,0.23,0.08,0.12,0.12,0.25,0.519,0.476,0.419,0.567,0.367,0.201,0.43,0.48,0.61,0.57,0.88,0.04,-0.12,1.12,0,0.25,-1.46,-0.28,-4.84,2.61,5.45,10.46,12.97,11.75,-2.2,2,0.7,-1.5,1.7,-1.4,1141,1070,1120,1012,998,974,0.5,0.51,0.36,0.46,0.17,0.27,-1.6,-1.571,-1.913,-2.272,-2.637,-2.999,0.41,0.22,-0.01,-0.26,-0.12,-0.08,-0.14,-0.19,-0.34,0.63,0.31,1.14,-1.58,0.6,0.13,0.49,0.4,2.08,100.8472811,112.3260134,50.4139816
2005,2.39,1.43,2.27,3.82,4.58,5.55,0.13,0.144,0.303,0.311,0.312,0.346,0.356,-1.271,-1.348,-0.046,-0.763,-0.383,1.347,1.624,2.038,2.182,2.073,1.856,0.2,2.23,0.33,0.72,1.08,0.38,0.118,0.131,0.23,0.227,0.334,0.319,0.08,-0.65,0.4,-0.02,-1.3,0.36,0.676,0.294,0.558,0.703,0.855,0.758,0.73,-0.29,0.31,0.81,0.09,1.43,-0.034,-0.235,-0.09,-0.163,-0.019,0.023,-0.298,-0.862,-0.796,-0.094,0.022,-0.185,-0.195,0.04,-0.024,0.091,0.07,-0.228,0.023,0.187,0.062,0.002,-0.079,0.032,0.296,0.795,1.018,0.562,0.782,0.504,0.648,0.446,0.394,0.309,0.507,0.21,1.26,-0.51,-2.32,-0.47,-1.11,0.26,24.62,25.09,25.23,25.19,24.31,22.59,29.25,28.93,28.91,29.05,29.26,29.22,26.1,26.38,27.12,27.61,27.54,26.84,27.31,27.17,27.64,28.02,28.3,27.99,-2.242,-5.398,-0.002,0.287,-2.468,1.027,1004,1008.07,1008.35,1014,1011.91,1014.61,0.372,0.448,0.657,0.868,0.981,0.794,0.64,0.34,0.31,0.23,0.39,0.3,0.422,0.487,0.517,0.382,0.418,0.409,0.44,0.81,1.36,1.03,1.86,1.17,-0.62,-0.11,0.56,1,1.62,0.42,-0.69,-0.96,-0.33,-6.64,-15.09,-20.59,0.6,-5.2,0.5,-1,-1.3,0.7,1022,972,899,860,995,937,0.46,0.38,0.68,0.81,1.01,0.92,-2.598,-2.605,-2.408,-2.383,-2.284,-1.897,0.61,0.49,0.61,0.29,-0.06,-0.26,-0.06,-0.22,0.36,1.4,3.11,4.42,-0.93,0.34,-0.22,-0.18,-0.08,0.79,104.5193711,121.3418965,76.72802605
2006,4.17,1.2,-0.26,1.3,0.83,0.07,0.143,0.094,0.079,0.217,0.328,0.352,-0.17,-0.156,-1.604,0.138,0.156,1.071,1.73,1.297,0.994,1.607,1.813,1.689,-1.22,-0.31,-0.99,-0.39,0.62,0.47,0.154,0.17,0.192,0.152,0.072,0.043,0.82,-0.61,1.52,-0.86,-0.93,-1.07,-0.396,-0.158,-0.225,-0.195,0.248,0.24,-1.07,0.57,0.2,-1.57,-0.31,-0.49,-0.216,-0.229,-0.077,-0.176,-0.041,0.091,0.117,-0.283,-0.059,0.24,0.043,-0.018,0.013,0.157,-0.029,-0.038,0.114,-0.079,0.154,0.059,-0.062,-0.108,0,-0.143,-0.474,-0.457,-0.591,-0.686,-0.018,0.565,0.321,0.228,0.399,0.437,0.659,0.447,0.97,-1.02,-1.75,1.2,-1.01,1.15,24.74,26.49,26.2,24.26,23.82,22.8,27.93,27.61,27.86,28.39,28.94,29.18,24.64,26,26.82,27.18,27.29,26.73,25.66,26.15,26.81,27.54,27.91,27.83,4.121,2.257,-0.108,-0.886,-0.66,-0.154,1007.96,1014.38,1014.78,1015.51,1016.5,1016.5,0.453,0.234,0.224,0.269,0.442,0.39,-1.01,-0.68,-0.52,-0.26,0.01,0.14,0.354,0.368,0.302,0.248,0.36,0.384,1.03,0.66,0.05,0.4,0.48,1.04,-0.1,-0.44,-0.56,0.2,-1.03,-1.02,-18.83,-11.24,-0.38,5,10.36,11.47,2.7,0.2,2.9,1.8,-0.8,-0.4,834,765,755,890,809,765,0.41,0.19,0.18,0.41,0.43,0.52,0.151,0.067,-0.099,-0.601,-1.17,-1.501,0.04,0.23,0.41,0.31,0.24,0.41,-0.17,-0.3,-0.52,-0.07,0.45,0.95,0.71,2.06,0.49,0.56,0.19,-1.15,91.22827289,143.6392597,87.3453169
2007,2.24,2.96,1.98,0.99,-0.2,-0.48,0.19,0.237,0.147,0.178,0.131,0.108,2.034,-1.307,1.182,0.544,0.894,-0.555,1.525,1.635,1.022,1.251,0.96,0.816,0.88,0.3,0.15,0.26,0.13,-0.08,0.245,0.312,0.319,0.294,0.27,0.25,0,0.74,-0.02,1.53,0.03,0.11,0.885,0.539,0.165,0.123,-0.394,-0.35,-1.14,0.93,-1.27,-0.19,-0.67,0,0.139,-0.035,-0.131,-0.23,-0.105,-0.016,0.203,0.009,0.284,0.252,0.436,0.282,-0.384,-0.042,0.082,0.145,0.087,-0.261,-0.16,-0.026,-0.005,0.051,0.055,0.017,0.97,0.509,0.074,-0.047,0.213,-0.3,0.544,0.53,0.732,0.421,0.777,0.636,-0.25,-0.98,1.11,0.04,0.66,-1.01,25.92,26.92,26.37,24.78,23.03,21.62,29,28.72,28.84,28.87,28.92,28.94,26.71,26.59,26.75,26.9,26.4,26.11,27.38,26.99,27.26,27.55,27.55,27.54,8.058,2.207,5.106,1.956,2.032,-999,1008.53,1008.17,1012.74,1009.87,1015.51,1016.26,0.454,0.49,0.467,0.384,0.247,0.167,0.72,0.16,-0.07,-0.25,-0.36,-0.15,0.417,0.383,0.302,0.294,0.348,0.53,0.01,0.04,-0.36,0.16,-0.1,0.09,0.27,-0.42,-0.12,0.97,0.03,-0.3,2.61,2.43,1.24,-5.18,-14.06,-21.33,-1.3,-0.1,0.3,-0.2,-0.2,0.9,835,777,722,724,744,737,0.46,0.56,0.33,0.4,0.21,0.16,-1.594,-1.834,-2.022,-2.341,-2.655,-2.697,0.24,0.21,0.04,0.24,0.28,0.43,-0.04,0,-0.29,0.45,0.04,0.19,1.81,0.15,-1.06,-1.61,-0.66,-0.17,104.6797629,154.1110353,66.81496369
