,q_RIBFLV,YCIC_at,YHZA_at,YTIA_at,YCDH_at,YRBA_at,NADA_at,YRZI_r_at,YHFH_r_at,NADC_at,YOPF_i_at,NADB_at,YHDX_r_at,ACOL_at,YXLH_at,YPUF_at,MTLD_at,ACOC_at,ACOA_at,YORT_i_at,YRPE_at,YPUD_at,DEGQ_r_at,YXLD_at,YCGN_at,ACOB_at,YXLF_at,YXLE_at,YXLC_at,NDK_at,YQGN_P_i_at,YORN_i_at,ARGF_at,YTGD_at,YXLG_at,MTLA_at,ETFB_at,RAPA_at,YPSB_at,GUAB_at,YOQP_at,YOCH_at,CARB_at,PURC_at,AHPC_at,GAPB_at,YOPG_i_at,YOEB_at,BGLS_at,ARGH_at,YOPY_i_at,XLYA_at,YCGO_at,GSIB_at,PTSH_at,YTCF_at,SIGY_at,RPSF_at,GSPA_at,csbD_i_at,GLPD_at,YPUG_at,RPSJ_at,YOQE_at,YTGA_at,YDCL_at,GAP_at,YUKE_at,YDCM_at,YRDD_i_at,RPSD_at,RPMJ_i_at,YTGC_at,YTGB_at,CARA_at,YUTI_at,YUSG_at,YOCA_at,XHLA_at,YHEF_at,YHAY_at,YOQG_at,YCIB_at,ILVC_at,LICA_at,ABH_at,YCGM_at,YOSJ_at,YVFL_at,PURB_at,YXLJ_at,ALD_at,TRXA_at,XHLB_at,YORQ_at,RPSG_at,YBFG_at,ABRB_at,PCKA_at,YDII_at,YCKE_at
b_Fbat107PT24.CEL,-6.64385619,12.20847734,11.56099513,11.94927789,10.87844491,6.775804182,7.359904253,9.640106742,8.239347072,7.611222933,7.404614291,6.774903328,9.896658301,12.08934783,8.736594386,8.678453312,9.155504953,11.77600532,12.32412032,4.238468599,9.104668271,8.81565876,6.53894541,11.40039599,9.03079041,11.52886703,10.52342224,10.69267274,11.34187512,10.0176646,8.828217869,5.554579284,8.566323461,8.673137596,10.54657619,8.464753519,10.59985991,11.24832786,10.0166508,9.035920377,5.528643249,8.742830429,9.689536865,10.3027133,11.7513188,12.28371373,6.322321951,9.476304916,9.889366705,9.642682328,5.265565671,10.54994562,9.788962304,9.784692132,10.69876658,11.01403832,9.856825013,9.444762779,8.612923451,10.15891427,8.217490881,7.655063846,9.720215156,5.179872983,9.267029768,7.338803438,9.337290763,9.57986637,6.690011925,6.750282154,8.524826141,9.561919192,8.800919743,9.137717731,9.444016337,11.14965831,10.23682714,9.723020356,11.02548551,5.451832358,6.606309138,6.056884592,8.847554205,10.81036338,10.32700569,10.28711195,8.408360781,6.619557029,7.866970908,10.46779943,9.108447775,10.20843539,11.30544384,11.21417786,4.807073755,9.648536217,10.22838132,10.20827324,11.24291687,11.00789945,10.32056664
b_Fbat107PT30.CEL,-6.947862377,12.05408223,11.84642619,12.10161644,10.82992571,7.473423498,7.79175428,10.07254074,9.493301765,8.156743528,7.88298102,7.411803025,10.11846231,10.63841477,8.681864741,8.835665595,9.612246252,10.24848586,10.35848206,5.641318999,9.259184205,9.115309653,7.288430795,11.67258628,9.016224185,10.04607917,10.93042545,11.05498867,11.60841604,10.27213773,9.239281095,6.383262243,8.014826432,9.64828893,10.88901077,9.143575443,10.11299519,10.78297113,9.789166949,8.709489659,6.474408592,9.095259341,9.058026085,9.874410998,11.56778231,11.78522401,6.877714616,9.305904417,9.212604943,8.942812785,5.228675975,9.615416155,9.724056225,9.90571387,10.78462384,11.03178604,10.70140606,9.589065285,8.124537951,10.51731205,8.263028309,7.92806938,9.448603136,5.557690614,10.29511288,7.327812904,9.552590411,9.351850921,6.929254327,7.094339593,8.324664712,9.596464776,9.682317836,9.985904274,8.772469145,11.38570187,9.836497744,9.474649813,9.390483508,5.535490736,6.767642285,6.660814457,8.633490046,10.17806284,10.20957888,9.862287052,8.709506508,6.241551485,8.074678776,10.27367862,9.558391926,9.80585216,11.09806953,10.02439354,5.868419367,10.15888656,9.55734123,9.500023479,10.91109318,10.90902491,9.899712336
b_Fbat107PT48.CEL,-7.930160375,12.26518769,11.87804424,11.88088079,11.05042652,10.08397565,10.68066172,9.842422059,6.835977292,10.71196094,7.560301846,9.793711337,9.046650103,10.10309165,9.399933106,8.671053952,9.560068998,9.654464992,9.475664045,5.590551492,9.405544248,8.76531666,6.348049356,12.86995735,10.81649524,9.26464027,12.06748384,11.93008975,12.84379972,10.34260329,9.176699376,6.501624506,8.353622315,10.62967411,12.17992642,9.042179523,3.530039379,10.56577555,9.891574128,8.713414204,6.083093877,10.00265047,9.380167459,9.94711844,11.34007062,11.43001277,6.445747018,8.587648997,9.017935988,9.121929906,5.318195661,10.0756604,11.31463708,9.601339834,10.97602612,10.47282349,11.05955894,9.915345599,8.47604758,10.46019239,8.174403013,7.549718582,10.30715456,5.386385527,10.96373201,7.812680922,9.490808948,9.015227537,7.108691939,6.62887496,8.719771136,10.73487861,10.53478686,10.76776946,9.358131693,11.12538285,9.926731809,9.193713329,10.24118525,5.408956876,6.783450336,6.141383948,8.641384143,10.66371631,10.00490423,9.676720016,10.25638531,5.878157112,7.843121414,10.17081885,10.55955617,10.04203372,11.11781106,10.45285577,5.368700838,10.36642951,9.773091979,9.473917047,11.06265016,10.54398308,9.73651109
b_Fbat107PT52.CEL,-8.28771238,12.13605822,11.08421942,12.25653614,11.05635337,10.02904308,10.84547526,9.736849654,6.810026637,10.71087654,8.510622574,9.860821739,8.338007052,10.07698161,8.504988268,9.237192582,9.314782898,9.519612869,9.890362157,5.830079047,9.269003789,9.263058316,6.235947321,13.17802955,10.85913536,9.483880356,12.3516635,12.20046974,13.11660955,10.15256921,9.018859593,6.324206854,8.258178817,10.74937328,12.43640845,9.048431646,9.867325705,10.26599443,9.204195485,8.783243349,6.673308626,10.02262987,9.327897602,9.453833046,11.32232074,11.26054483,7.581743838,8.285246091,9.484613881,9.32537273,5.44102284,9.997439653,11.40574423,9.879730976,10.81582941,10.22024363,11.19177297,9.757577429,8.281776569,10.32496236,7.899505598,8.004580219,9.75042317,5.748795673,11.09828951,7.457066533,9.440669661,9.021080399,6.528182065,7.631394957,8.308497938,10.39189931,10.62841898,10.94820099,9.489766453,10.83390027,10.12887462,9.021925127,10.25527834,5.860345745,6.292537044,6.78284608,8.263664729,10.59717567,9.770838109,9.680562226,10.36797806,6.684299809,7.711682778,10.15229985,10.51344373,10.20461032,10.94916742,10.58345379,5.515084103,10.07200111,9.552596673,9.788725394,10.8703853,10.36951038,9.799847292
knh_102_Fbat289PT24.CEL,-7.310432456,7.930761357,8.792410126,8.866752558,9.124364374,7.799226502,8.291827005,7.388047891,10.17154635,8.375561624,8.544541175,7.470417956,12.17155255,11.42173723,9.637251858,9.284334815,7.98594655,11.16134919,11.20320495,6.396334209,6.670472994,9.208522897,8.871624197,10.79974448,7.754847537,10.95327172,9.714028679,9.562886797,10.55015822,9.070270559,6.903905627,7.308006669,9.325425276,8.47604601,10.17506535,8.148706693,9.657681489,11.09735587,8.450152371,6.774404406,7.202545977,7.053406473,10.29816014,9.169650144,10.04783342,10.53835635,7.674770454,8.03628663,9.639333129,10.11106663,6.041872385,10.00260169,9.134381229,9.874696297,9.656880118,9.846514013,9.422360835,7.997209896,8.118090282,10.16476029,7.764991115,7.912238117,8.26396098,6.741336752,9.270195805,6.317138744,8.179045974,8.759821919,5.96012133,8.121035059,7.860623996,8.768921924,8.716759564,9.010967956,10.20305642,10.27853512,8.666635251,9.38406664,9.83344544,6.871533698,8.317456733,7.218239604,6.506940601,9.890445282,9.228601945,8.55195281,7.78300203,7.316119541,7.947859848,9.695923144,8.869382836,9.044819339,9.654971731,9.965530068,6.341615836,8.902240392,9.686840385,8.490846628,9.843860283,11.14788112,9.580475822
knh_103_Fbat289PT48.CEL,-7.64385619,11.31755821,10.93299343,11.10526854,10.05570735,9.065237622,9.531592515,8.50106053,9.353401582,9.456883267,7.825920297,8.571086234,10.92182171,8.575417232,12.10267687,8.89659849,8.280982596,8.570089847,8.317287711,5.527843592,8.541213142,8.854176217,7.883675553,13.41256122,8.29263478,8.266330825,12.64482894,12.44996786,13.19267387,8.698653219,7.374736872,6.492760644,8.86354392,10.24757546,12.73760581,7.95033807,9.84707792,11.03029271,8.35101712,6.958885668,6.419035863,8.013933591,10.05171405,9.694064386,10.4038714,10.78501451,7.037825498,7.627104056,8.509968122,9.186939192,5.481541855,9.587896159,9.428731471,9.024523072,9.69297777,10.45438687,12.12690545,8.630354628,7.798256053,9.71320021,8.040709754,7.692692594,9.426248003,5.713939508,10.80007079,6.943132798,8.595223486,8.209624247,6.374825364,7.398121969,8.086672715,9.905524146,10.30212973,10.61216087,9.692607482,10.08583212,8.527856475,9.120608599,9.264428527,6.749957445,8.735234293,6.523379623,7.790191174,9.758061678,9.472085629,8.748767462,8.028945996,6.751603837,8.331082944,10.09001551,11.26014765,9.439957162,10.37035094,9.567044847,6.083170894,9.696764353,9.272275512,8.603118426,10.88641094,10.57673975,9.867963019
knh_490_BS0001_Fbat1070_PT24_1.Rep.CEL,-6.13796526,8.145806072,8.843732578,9.425660937,8.850631725,8.419113212,8.815971976,9.6261839,8.403869552,8.570262328,10.24263465,7.849005653,9.560039508,9.52638004,7.308548345,11.63555357,8.166151896,9.426973942,10.05420091,8.297024391,7.231013191,11.08405969,7.971779992,8.932093463,8.157430456,9.031724174,8.840252235,8.467613421,9.396520832,8.79683957,5.644339439,9.506425805,7.479262534,7.075596208,8.47959216,8.200803189,8.254232596,9.635032891,7.853067235,7.468459863,8.867469143,7.766087423,8.665275034,8.280877742,11.04568439,10.88439765,9.234160251,7.959663857,9.150767784,8.375429021,7.662114678,9.238969776,8.57859775,9.829868387,9.032731143,8.909191714,8.698024918,7.24136967,7.489776826,11.18094361,7.704861565,10.19446871,7.59858982,8.026274496,8.70607367,7.464505663,7.908538248,8.822507729,7.26527139,9.843172828,5.889624081,9.310672734,7.769127531,7.821201887,8.840449242,9.1920889,8.076651381,7.68806201,10.0529141,7.040257627,6.724466329,8.395407968,6.714144005,9.206479425,8.705938025,8.751813065,8.246427776,8.811907308,7.475318042,8.758389033,8.132712332,8.997554945,9.949558508,9.80053702,7.036343841,8.112694443,9.279680698,8.905995569,9.923497321,9.207422734,9.067944412
knh_491_BS0001_Fbat1070_PT30_1.Rep.CEL,-6.559791925,11.33136689,11.777741,11.25352275,10.53759626,11.2572803,11.46494477,10.51095779,9.862275526,11.25247223,5.439141714,10.74262534,11.62662059,11.11619565,9.721313546,9.108135129,9.063892699,11.04253658,11.1556893,4.157519653,9.051158693,9.42715389,9.250654381,11.20583824,10.18925253,10.54225494,10.80801484,10.40634498,11.17305329,10.30437476,8.453608908,5.243006536,8.336685024,8.263854163,10.64914232,8.662356727,10.12927085,11.06583073,9.726845373,9.319901353,5.613816992,9.586059888,9.562885433,10.00975969,11.53671523,11.16309273,5.443594891,9.819075893,10.00575776,9.493567508,4.467192592,11.42163693,10.53082911,10.64516125,10.74802459,10.65503175,10.28288436,9.339206702,9.016178761,10.99710342,8.833623251,8.104580476,9.943971753,4.859324422,8.659613078,8.195622575,10.1646635,9.295977697,7.394201115,6.12064075,7.693260836,10.17140265,8.292390054,8.600324136,9.306783732,11.08786704,9.784327661,9.538351075,11.33431085,5.089721005,7.583238859,5.604411581,8.550649513,10.52569524,10.12814483,10.28784843,9.248963855,5.848553501,8.370133432,10.02744649,8.885213289,9.977935476,11.15019699,11.36780877,4.572176061,10.07361492,11.00663462,9.939948606,10.85419125,10.91739089,10.12278176
knh_492_BS0001_Fbat1070_PT48_1.Rep.CEL,-8.333516069,11.04418542,11.96994771,12.08789622,10.74874841,8.787584808,9.247999652,10.08774905,7.855475694,9.029359449,10.07970056,8.216786266,10.95303241,10.36531872,9.845150007,10.71549466,8.477373196,10.17040726,10.6034438,7.490498527,8.880580095,10.56154488,7.830911997,12.04685587,10.20074038,9.737950491,11.61826713,11.28665421,11.80180373,9.712424535,6.987855736,8.318672563,7.453771348,8.44574231,11.34638451,8.160054188,9.174505614,10.32518913,8.849607895,8.25893117,8.037112395,9.762839211,8.897592535,8.814100805,10.7856595,10.09806601,8.838758155,8.964400481,9.20995071,8.281259706,7.611654745,10.53196342,11.06358147,10.18400939,10.54042935,9.268458523,10.85891872,8.865566429,8.296213855,11.06073436,7.697901817,9.433310078,9.184690355,7.229287036,9.128398192,8.423680694,9.229350137,8.83828005,7.761696042,8.614798765,6.818498423,10.05322548,8.427239715,8.900587424,8.906300915,10.89011292,9.53298684,8.947421228,10.04878012,7.478077519,7.398190621,8.153854212,7.209619051,9.925741631,8.877437488,9.272632953,9.508629181,8.078513869,7.427618546,9.524547031,9.113400669,9.47520358,10.63286325,9.994277753,7.193957715,9.72434538,9.868643366,9.593209807,9.807272506,10.13176094,8.846387063
knh_494_BS0001_Fbat1077_PT24_2.Rep.CEL,-6.310432456,7.838184657,9.478869327,8.590697973,8.731564146,8.039710457,8.331585842,8.3890696,9.659533051,8.322260546,8.873384849,7.742565127,11.78906746,10.37006042,9.728787037,10.83593968,8.130910142,10.38557121,10.58384619,5.970042685,6.933086442,10.50235337,8.219448603,10.42856074,7.846720673,9.969087994,9.778371645,9.499170166,10.20226985,8.759063122,7.56232661,6.807799962,8.268891225,7.864942067,10.03038204,8.210925988,9.545035963,10.89884485,7.475671631,6.779555841,6.737150417,7.369202754,9.556618548,7.646472306,10.44520196,10.33571454,7.550460158,8.016878205,8.670249359,8.793854795,6.125507947,12.06554873,9.07571129,9.939087622,9.616351086,10.02026711,9.40349313,7.599035756,7.906020308,10.13649372,7.922477735,9.255596714,8.163959446,6.61622353,8.282601401,5.718697879,7.759310067,8.841663561,5.314697212,7.817995218,6.417252963,8.613929756,8.222226007,8.593433039,9.273884519,10.34194616,8.609351913,8.418291666,11.82544683,7.145040211,8.817873919,7.166152711,6.295024108,9.813677472,9.174331348,8.839805236,7.910544525,7.022710687,7.942406705,8.776106268,8.973105345,8.727766562,10.17500583,12.06518919,6.830888128,8.444746714,11.22010299,8.324694442,10.12358033,10.30203864,9.606719374
knh_495_BS0001_Fbat1077_PT30_2.Rep.CEL,-6.615287038,10.24182791,11.33778987,10.10560106,9.29520473,9.409056631,9.795758754,8.97626297,9.522636632,9.696652764,8.98263386,8.613019655,11.59901346,10.0538687,10.29180429,10.96196773,8.194228607,9.995470615,9.81021184,6.380450176,7.538367577,10.83548791,8.833166403,11.00160851,8.000956989,9.572406741,10.37147112,10.02552183,10.69770229,8.68105837,6.753751814,7.03543999,8.001230681,7.778196644,10.65525633,8.143533993,9.469936614,10.79076245,7.625426934,7.264360169,7.0881018,7.547974071,9.273101139,7.922578583,10.48743541,10.47946895,7.617290775,8.391867124,8.552040603,8.759939582,6.834179354,11.46009857,9.086810057,9.540401499,9.620927098,9.927586647,10.20389964,7.645201631,7.769128122,10.03841466,7.957234695,9.413482427,8.387263833,6.482678051,8.48865226,6.366826384,8.44489387,8.352028789,6.121532923,7.692593806,6.58980498,9.048321416,8.019488445,8.575102786,9.163612568,10.17842001,8.525593009,8.732137343,11.29472666,7.977469342,9.51380705,7.112523716,6.936020834,9.467080792,8.736230896,8.540632282,7.744787907,7.148847837,7.766509302,8.95619152,9.147983996,8.482409646,10.43859525,11.31194754,6.940453056,8.918511427,10.89842852,7.794797485,10.1037353,10.47167668,9.672739464
knh_496_BS0001_Fbat1077_PT48_2.Rep.CEL,-7.117787378,10.26827153,11.15753283,11.34065519,9.659739195,8.448703001,8.944302161,8.645311743,8.741736722,8.980021856,8.70542534,8.044902258,11.28436488,9.303122891,11.13978401,11.04153866,8.247452226,9.309113014,9.701351727,6.271923162,8.014927985,10.81027312,9.132841317,12.14325939,9.288300433,9.18453162,11.40040952,10.92627066,11.69522891,8.990715089,6.386953574,7.173562151,7.584953854,7.807414247,11.49210646,8.229883499,8.778858763,9.632952464,7.425423029,7.556695262,6.819100227,9.053913108,8.891460468,8.217236681,9.570840198,8.682048708,7.520673464,7.473195176,8.641545533,8.058699387,6.490284039,10.36018465,10.14805177,9.492904483,9.294783588,8.425168074,10.80515661,7.643951162,7.476637047,9.899259125,7.560029741,9.546010129,8.1108593,6.532119417,8.355343829,6.739236204,8.395031014,8.080591176,6.114562967,7.961716575,6.761652751,8.653622023,8.263532376,8.467773987,8.848300989,9.999552335,8.381391052,8.17081852,9.929545552,8.351103088,8.945779972,7.045587593,6.875960582,9.460297178,8.292818589,8.606369309,8.515571943,7.236788326,7.587268738,8.743333478,9.968531632,9.203151289,9.746613501,10.10952716,7.049649756,8.810027269,9.496214466,8.506239676,9.204825019,9.579212135,8.869889086
knh_498_BS0001_Fbat1091_PT24_3.Rep.CEL,-6.333516069,7.962529858,9.185696319,9.154825083,9.223163106,7.877184555,8.111693305,9.221489906,8.795372173,8.415474796,8.342885992,7.48656939,11.52473619,11.2287462,9.342612142,10.63549893,8.36940825,11.17498457,11.37147506,6.849778734,6.51307515,10.33141406,7.659542473,10.21302615,9.410162907,10.84778067,9.863187583,9.537566403,10.4733723,9.996932874,7.410442766,7.452249195,8.510163818,7.677284429,9.973357894,8.23101953,9.777336671,11.05107967,8.985848864,8.361891073,7.373942483,8.288285861,9.65773248,9.386765926,10.9299584,10.85738354,7.731894604,8.744681989,9.720986995,9.569659738,6.989063778,11.60138776,10.57783262,9.850866494,10.54968874,10.03638151,9.267745227,8.689896455,8.071464624,10.34713325,8.045336899,9.351628009,9.277735084,7.196233603,8.659050545,6.819971031,9.384707489,8.832344785,6.207328326,8.17419071,6.779631397,9.690925694,7.670893739,8.211395704,9.711197729,10.84004234,9.370736781,9.251755086,11.52314289,7.173488442,7.685947234,7.583922665,6.319953456,10.53227206,8.493988738,9.35540146,8.619055296,7.159047227,8.137371889,9.874474647,8.463202492,9.500223109,10.89066219,11.7111722,6.137317898,9.575040142,11.1324362,9.462897369,10.73276895,10.70940423,9.398447046
knh_499_BS0001_Fbat1091_PT30_3.Rep.CEL,-6.702749879,11.02945932,11.76258421,11.14846877,10.35032998,9.367362698,9.44363614,10.21391074,9.046321413,9.438296151,6.149493339,8.616347909,11.53522472,11.3062381,9.84940488,9.705300517,8.319619092,11.3007792,11.50479113,5.193891427,8.560040498,9.568578381,8.278870984,11.39503574,10.2539064,10.94267667,10.8152991,10.64569882,11.46316578,10.08706357,8.156389132,6.18613439,8.494405131,8.463279638,10.80915638,8.280851628,9.969297101,11.09824897,9.762349959,8.615991726,6.134555054,9.387189232,9.563467922,10.02070916,11.12945595,11.02727468,6.113634067,9.547474783,9.878089954,9.564442685,5.551199885,11.21558751,10.83097145,10.14806846,10.31014892,10.4949587,10.5487527,9.281575284,8.447036859,10.52652917,8.440218154,8.501202832,10.02721922,5.882340353,8.690692898,7.694876234,9.714901456,9.111347296,7.071619165,6.704309239,7.66815856,10.22258607,8.272054369,8.676545769,9.473354583,11.00726913,9.662303214,9.723466044,11.05404537,5.890943367,8.103795096,5.986764774,7.902981321,10.49447333,9.869838185,9.806513582,9.48446477,5.657884006,8.631460412,10.04446901,8.914559853,9.803346377,11.1344122,11.28456334,5.001974269,10.05901733,10.74981484,9.671816142,10.74438233,10.96924895,9.450793735
knh_500_BS0001_Fbat1091_PT48_3.Rep.CEL,-7.310432456,10.90000546,12.15641275,11.57468708,10.25857047,9.374554153,9.589823046,9.575480701,8.410744075,9.441164697,7.880982562,8.454022046,11.58166099,10.30846515,10.50766922,10.81079304,8.223716341,10.25100464,10.57920583,6.65935211,8.114410698,10.71190823,7.896300158,12.1518346,9.705018299,9.697257856,11.53462484,11.265205,11.9487209,9.334918792,6.504753309,7.864286758,7.540092465,8.705531825,11.67761861,8.183292897,9.306868596,10.14541865,8.704429499,7.961964322,7.493802513,9.415706491,8.829815933,9.03205266,10.50095626,9.78691305,7.285239132,8.527340013,9.09238782,8.569611019,6.654459596,9.404758006,10.52164768,9.831601443,10.15478308,9.095449402,10.8335232,8.349150659,7.694614465,10.79373018,7.978925362,9.514254893,9.143191791,7.079826625,9.475502697,7.774747598,8.963659854,8.491974468,7.378076483,8.356568253,6.771796399,9.89642457,8.627479174,9.029389065,8.852670657,10.61946527,9.058380639,8.737493152,9.556983759,6.998445374,7.626982425,7.31158164,7.43530986,9.850980737,8.943093439,9.142939212,9.211772383,7.297720674,7.864206933,9.285059217,9.652575324,9.386395991,10.48246896,9.453067574,6.217491308,9.16607994,8.950407022,8.77014129,9.754142159,10.34436741,9.180404044
knh_502_BS3416_E_Fbat1071_PT24_1.Rep.CEL,-5.930160375,6.879748966,7.637787802,7.215837735,6.280235198,6.926292796,7.27704534,10.98260075,10.34270819,7.537725486,5.635643324,7.185834111,11.95580648,12.22373744,9.417378527,8.640352427,11.65845369,12.11354276,12.32949993,4.028331504,5.764950914,9.272402481,9.530060981,10.99382872,8.619448655,11.69027427,10.46834101,10.23537565,10.81727152,10.23066919,8.941239636,5.591804468,7.500901802,7.345576459,10.26855219,11.03731028,10.3867838,11.51344215,9.866780516,9.58378499,5.487294735,9.203022981,8.459335365,10.75211061,11.3106236,10.68610351,5.864684878,10.23163643,10.30955288,8.693478518,4.81241751,10.64503823,9.64293359,10.58458063,10.77482416,10.31407386,10.16362686,9.500614907,8.916087514,10.58797028,8.853341568,7.794482266,9.883644337,4.98295283,7.832243408,7.390880469,10.60420737,9.678441173,7.172920416,5.925254455,7.585404106,10.11210264,7.635411597,7.970295287,8.552562059,11.60000309,9.90513616,9.857431617,10.72783571,4.706709972,7.314945005,5.749826593,5.800036522,9.993185009,11.64710162,10.0751418,8.202778692,5.476512274,8.483621893,11.06406843,8.664753681,10.49311093,11.34992042,10.74568883,4.779374727,10.05280318,10.36349929,10.04080144,10.47809001,11.55219708,10.73252185
knh_503_BS3416_E_Fbat1071_PT30_1.Rep.CEL,-6.28771238,6.987279599,7.697576507,7.29160752,6.43868271,6.794174462,7.05075483,11.16706293,10.01335283,7.419214911,6.154983596,6.985359354,11.89492781,10.08107919,9.507890335,8.711901621,10.80701166,9.972079959,10.37492602,4.696245201,6.099241762,9.247049193,9.617178054,11.90698957,8.584899031,9.731232629,11.34171677,11.09014069,11.75511494,10.33032027,8.830893457,5.749180665,6.53066602,7.31915045,10.965502,10.24524731,9.958965012,11.07660877,9.922618678,9.945333327,5.417779083,9.317517031,7.848211995,11.02280966,11.2128307,10.704964,5.946619354,9.844712415,9.852692202,8.408461909,5.021813275,10.56125666,9.706968094,10.74836641,10.77672392,10.15830219,10.85579221,9.761364052,9.073237402,10.91607391,8.615880166,7.797242443,10.04104002,5.097486395,7.36930322,8.275400915,10.40700037,9.720516518,7.75941604,6.389681789,7.456038956,10.36697417,7.713067156,7.850224362,8.010124502,11.63306706,10.03571474,9.705332624,10.64873281,4.699022949,6.691300505,5.900248281,5.830914436,9.909131692,10.69199928,10.5359638,8.161316704,5.965936674,7.776711643,11.32779931,8.973626108,11.78955004,11.16796882,10.74505896,4.969783415,10.1450292,10.35422555,9.929397567,10.31817566,11.5995014,11.44243405
knh_504_BS3416_E_Fbat1071_PT48_1.Rep.CEL,-8.158429363,7.271899559,7.968126895,8.066724231,8.507450246,8.698752221,8.96229852,9.626897607,8.19146044,8.761552837,6.870547845,8.084325065,11.28943624,11.13758052,9.462856299,9.658047362,9.917234921,10.673167,11.34241855,5.330019619,6.355941542,10.67427761,8.261909143,11.50012556,11.20249414,10.02379514,10.9031912,10.7435383,11.32341874,10.87177127,7.423289281,6.805497409,8.265081025,8.078632449,10.70336604,9.768370757,9.178796949,10.51695074,9.631666206,8.332787305,6.534365919,8.195934909,9.325806915,9.866503976,11.43117536,8.852474242,6.774687262,9.460880129,8.800357588,8.908325846,5.49302011,9.195425098,11.62120835,10.61130375,10.84494097,8.452318347,10.39106292,8.996901813,8.231715481,10.99933171,7.870573208,8.639435812,9.38511966,6.35893883,8.972058591,8.282631123,9.656342739,10.55664904,7.620687716,7.254579285,6.931166566,10.15187097,8.188392546,8.72415452,9.25624628,10.74551001,10.05140503,8.64868802,9.40546314,6.043009718,6.8106901,6.526266561,6.252907373,10.33619789,10.80493478,10.38531259,10.40002058,6.70682188,7.602518389,9.983632436,8.627637637,9.155903774,10.24352614,9.44962086,4.909400187,9.731128052,8.450376315,10.4755834,8.288449647,10.41283407,9.378861163
knh_506_BS3416_E_Fbat1078_PT24_2.Rep.CEL,-5.673002535,7.362209214,8.217374623,7.866701643,6.709719266,8.09192546,8.508960051,9.276802922,9.45926444,8.745479581,9.018398205,7.745809543,12.02146441,11.95282977,9.656031829,10.34017237,10.55861013,11.92551228,12.02780186,6.435310073,6.350054177,10.53786741,9.035189489,10.4788277,7.71467646,11.56435855,9.90812684,9.477714691,10.30857133,9.085509395,7.697141961,7.677838455,7.648698815,7.238077155,10.12072897,10.08124051,9.660656081,10.85308096,8.205636809,8.100186988,7.392091388,7.810712055,8.9461458,9.78078735,11.02263425,9.846623646,7.709740648,8.810787832,9.194517302,8.606382727,6.553064373,12.2866737,9.088147933,9.825159841,9.785011461,9.530240387,9.417112159,8.006998436,7.672011052,9.862630376,7.885583945,8.847343093,8.567345078,6.831823089,7.848978765,6.25726697,9.869605491,8.988172247,5.692426569,7.456148971,6.683703417,9.00196065,7.777493072,8.152511431,9.019816691,10.62328022,8.655709337,8.573268846,12.23043077,7.627984809,8.765077128,7.234758028,5.874677441,9.040488053,10.70154275,9.293582917,7.685422783,7.564633555,7.391289435,9.964203108,8.751889173,9.717299998,10.3824551,12.34502211,7.333725709,8.688321943,11.6081826,9.253776671,9.800017432,10.81715512,9.925567457
knh_507_BS3416_E_Fbat1078_PT30_2.Rep.CEL,-6.13796526,7.184598592,8.051365443,7.635082272,6.87810216,7.396140437,7.836519525,10.22663528,10.25589885,8.047155063,8.238859783,7.366345302,12.59275601,10.01834024,10.23074344,9.570915204,10.1438504,9.842968111,10.20961346,5.907897704,6.275090927,9.965970381,10.09449077,11.45030281,8.375701604,9.665589152,11.0346206,10.55844339,11.30058138,10.12198479,7.992022037,6.897396022,7.079041469,7.21178086,10.91361667,9.7392765,9.44159919,10.89823236,9.37553836,9.491058266,6.733607039,8.494623534,8.222012569,10.87415658,11.12890585,10.22513876,7.12580957,9.242959434,9.249390016,8.280103224,5.926875523,9.574493551,9.639447688,10.30061391,10.45048788,9.811853169,10.79564678,9.247763568,8.390190924,10.73663487,8.132916158,8.164229596,9.680345767,6.085770939,7.944218158,8.228058174,10.35742192,9.355968016,7.689633097,7.104413968,7.739555468,10.12082453,7.505682727,7.96796703,8.283139968,11.51062778,9.301934873,9.130241421,9.454634218,6.656298578,8.007557926,6.575042519,5.844363593,9.853018141,10.41696281,10.30227997,7.957903529,7.004612845,7.188983426,11.21757784,8.924953958,11.46379383,11.18848127,9.685760604,6.556210642,9.6762791,9.398944498,9.688242238,9.935222699,11.25797695,10.99977824
knh_508_BS3416_E_Fbat1078_PT48_2.Rep.CEL,-7.333516069,7.491111791,7.971920668,7.980130464,8.044767822,9.166172974,9.209112268,8.92238041,8.192516786,8.884981468,9.529148384,7.989759597,10.86034564,11.32336204,9.780263785,10.69290303,9.477081717,11.03548858,11.67026005,7.099807948,6.313967173,11.49575359,6.823622128,11.34793437,10.79873326,11.05718221,10.88480812,10.51344009,11.36570521,10.16936097,6.538852517,8.182263154,7.87337267,8.162971138,10.66553148,9.566097762,8.823417558,10.52760051,9.017150627,7.840787047,8.101885245,7.35479377,9.010797124,9.981465702,11.437413,8.41490177,8.328816884,8.195054803,8.548870329,8.461360774,7.50774849,9.31771169,11.77851121,9.483890594,10.95487018,8.055793523,9.909756575,8.560885903,7.802145034,10.11054816,7.766728065,9.127220929,9.412020575,7.099932819,8.628021917,8.29648705,9.420262397,10.28468317,7.493897956,7.848994824,7.124436825,9.97156253,8.002214863,8.470046864,9.054015643,10.06286971,10.04672505,8.266387037,8.845060388,7.727294366,8.422663247,7.799141736,6.079272922,10.21937819,9.990052195,9.496962064,10.15057201,7.484402327,7.70172714,10.01966536,8.420063962,9.040195439,10.0301332,9.22250485,7.828873969,9.61708218,8.227539782,9.969995086,8.201591621,10.06455262,8.761208765
knh_510_BS3416_E_Fbat1092_PT24_3.Rep.CEL,-6.011587974,7.509980505,7.653310105,8.090951787,7.198732288,7.742190963,8.260212211,9.913353058,9.375712718,8.403277867,9.609683353,7.311002763,11.9672733,12.1370427,8.64215419,10.54084437,10.31079826,11.77713025,12.35009524,7.458911503,6.550695269,11.09772801,8.67703169,10.22338217,7.796529157,11.64639781,9.692935612,9.50313392,10.17036865,9.429285442,6.906049432,8.459368778,6.832524986,7.310334522,9.668540432,10.10029334,9.571075395,10.92174497,8.673731979,7.916407118,8.348667124,7.567234046,8.2112432,9.975738386,11.34544987,10.14180529,8.534795654,8.918702478,9.763573673,7.823898901,7.326059621,9.893570412,8.638205158,10.15183447,9.587121377,9.282231227,9.28509999,7.692036326,7.869654078,10.96521371,8.073347592,9.089639314,8.456318301,7.55583244,8.366868693,7.377784496,9.765376332,9.191054928,6.710590385,8.726704128,6.264626813,9.336010847,7.619742717,7.99693888,8.464704291,11.08975114,8.762078501,8.678437102,9.88258302,6.9727383,7.484640941,8.036723796,6.427725626,9.628917675,10.93359966,10.03200813,7.784012571,7.983301671,7.402799066,10.19488257,8.146732187,9.872831807,10.58714583,9.943655738,7.388188032,8.559394725,9.523810281,9.464803173,9.461139886,10.89999714,10.0055922
knh_512_BS3416_E_Fbat1092_PT48_3.Rep.CEL,-7.265344567,8.127879067,9.249568903,8.844538427,8.421419799,8.614135462,8.746178179,8.303922936,8.38332189,8.43511495,8.805854236,7.203899071,10.28652016,10.89567981,9.104787269,11.30471237,9.172274731,10.3261009,10.50144197,6.85848678,6.703543851,12.01071241,6.152433394,10.9525053,8.648976686,9.457630496,10.04917121,9.987074504,10.74439025,9.37422089,6.331223734,7.744977142,7.556289995,8.357144651,10.20790342,9.045184811,8.113714958,9.475005449,7.748238892,6.744612682,7.573528935,6.733880843,8.888846224,8.428940632,10.07957802,8.357685986,7.98028078,7.038795864,7.420626466,7.50887152,6.305229317,9.588097275,9.831726693,9.627204821,8.855960391,8.044817114,8.852027037,7.206847178,7.622334784,10.78028869,8.037616228,9.762975534,7.747311739,6.563010779,9.093227516,7.839804834,7.528302725,9.968232019,6.969458906,8.303052828,5.783707477,8.616568769,8.525114943,8.870692109,8.623983557,9.808469821,8.713470732,7.579507911,9.292163094,6.567568398,8.18683126,7.377248053,6.851133404,9.029944718,9.666182866,9.320293082,8.399904768,6.655476499,7.707069398,8.22777658,8.647300036,7.99153982,8.659950959,9.551755275,7.654078521,7.335031946,8.689207238,8.983469611,8.637845877,9.213473904,8.667696516
knh_532_BS3416_E_Fbat1092_PT30_3.Rep_wh.CEL,-6.299027693,7.512429919,7.643454745,8.458288621,7.238244925,8.142354553,8.457569392,8.743577678,9.192200855,8.208956244,10.2916293,7.285997248,12.6816709,8.446170624,9.19906605,10.56197654,9.274622145,8.651004014,8.825849137,7.772078741,6.665691569,10.66014592,8.434194206,11.2395294,7.814708029,8.353114889,10.66068139,10.29496169,11.14385713,8.899457507,6.596400911,8.727544458,6.401664657,7.440606776,10.32562161,9.130525574,8.669053424,10.20068869,8.496943756,7.799837201,8.512017448,7.29555496,7.710995923,10.34239685,10.12468776,9.927125285,9.045920949,8.614687318,8.287543059,7.379966618,7.800231941,9.308639475,8.199934343,10.28684895,9.629882069,8.918399605,9.947505659,7.974555908,7.536432092,11.25829208,7.826297789,9.480076702,8.457160835,7.563538057,8.438887193,7.709878099,8.920563137,8.872448317,7.046541641,8.96235034,6.185536517,9.554744318,7.701996089,7.826281017,7.917965476,10.73723572,8.574269444,8.317567554,9.374516025,7.290823763,7.680068884,8.404583501,6.511670115,9.184076528,9.70333587,8.632215978,7.70055037,8.309174981,7.4315986,10.03813597,8.693346747,10.51290647,10.52909967,9.502698651,7.228394274,8.454460442,9.08309517,7.433181774,9.472971733,10.93439103,10.44675475
knh_655_BS5009_Fbat1374_PT24_1.Repl._No.2_repeated.RNA.CEL,-6.429731384,7.579574497,8.089322432,8.548362956,7.702190872,7.888126916,8.298059728,9.344389872,9.144025419,8.351769785,7.759212902,7.412378642,10.48701455,10.32578873,8.04384858,8.179959549,10.03039034,10.68802789,10.70378787,6.499171983,6.592141255,8.825493687,6.287273973,9.959474221,8.15100936,10.13741613,9.181707346,9.043389046,9.486507284,9.579393125,7.750377829,8.371627751,7.293870499,7.356992484,9.325167217,9.643385623,9.303783704,8.761826664,9.131759462,7.119639417,8.453748371,8.571920614,8.16140418,8.576624643,10.28931183,9.985895756,8.455607533,8.251524049,10.98831341,7.793845398,5.97052287,9.09561776,8.703469733,11.76710558,9.57236279,9.031158553,9.039694871,7.533008307,9.041032921,12.51760843,8.372848716,7.535963891,8.125595403,7.010748386,8.732943097,7.657465289,9.27941606,9.408883441,7.257927563,8.795447494,6.294841718,7.04547373,7.875559361,8.138824623,7.762412164,10.98072133,9.281395105,7.859701099,9.173124285,6.973300137,6.901762971,7.477015844,6.863101288,10.50027187,9.848625946,7.217780095,8.08665835,7.939876388,7.54467839,9.048836034,8.574671262,9.460448579,10.68041947,9.261116741,6.428989419,7.748147056,8.721041236,8.684817273,9.185908886,10.07206856,10.02406632
knh_657_BS5009_Fbat1379_PT24_2.Repl._No.6_repeated.RNA.CEL,-6.702749879,7.792692999,8.562979409,8.810326685,7.901239715,8.019070841,8.690500183,9.017012473,8.697092092,7.972230715,7.706263821,7.376974793,9.558587963,10.56006494,8.129677689,8.28586614,10.69607243,10.63916072,10.86916884,6.432818774,6.561130529,8.857528304,6.287465304,9.914490936,7.871070363,9.528259699,8.887132793,9.090825259,9.689489988,9.454520343,7.777273305,8.149944655,7.75336596,7.425669674,9.178319431,10.210076,9.082305826,8.214022079,8.478101819,6.22312563,8.02050552,8.312116277,8.752730993,8.703303411,10.47218396,10.11571887,8.241738856,8.502420818,10.25560882,7.637458905,5.896436078,9.307128345,8.084990502,11.63345387,9.234618228,8.981245767,8.835142879,6.233236018,9.013434946,11.84573186,8.127278723,7.435902242,7.123559135,6.776691712,8.74500027,6.525028549,8.719278102,9.498715436,6.107336534,8.742251185,6.27463613,6.680286473,8.193032034,8.397109161,8.442923472,10.67928831,9.323833646,7.794864951,9.563860715,6.470050571,6.891230079,7.386238948,7.100719906,10.26294494,10.46954212,7.782227545,8.093507211,8.180110165,7.612936198,8.52387715,8.967555129,9.75601084,10.471216,9.864905478,6.277675305,7.128751331,8.669637582,9.067789047,9.315618941,9.806877456,9.81317797
knh_659_BS5009_Fbat1383_PT24_3.Repl._No.10_repeated.RNA.CEL,-6.454822365,7.393360892,8.533182859,7.958332371,7.188118329,6.829731449,7.510349772,9.514912298,9.630649754,7.929525165,5.25071529,7.100131109,11.43000965,11.17278176,8.478920012,7.772112503,10.42358809,11.10621163,11.52175545,4.623426608,6.208154286,8.724062068,6.933923707,10.13543593,8.085871111,10.73720292,9.603090408,9.113153474,9.50258226,10.19320178,8.813629374,5.64621597,7.704157726,7.644631341,9.392460277,10.15425366,9.84886889,9.204805318,9.475696931,8.619183905,5.851349412,9.349094642,8.962154342,9.344581041,11.01809876,9.982142519,5.898635262,8.797423511,11.35968224,8.814699106,3.950071322,9.398336008,9.218122231,11.64380654,10.40137825,9.552839048,9.051977508,8.758821115,9.312781052,11.96618052,8.434784086,7.050552447,9.035692108,5.145352798,8.365723529,7.41608055,9.805078905,9.644672512,7.089434254,6.946057351,7.671812045,7.68096306,7.886445902,8.454066744,8.836589183,11.47764169,9.425973638,8.841674434,9.47620468,6.154694527,6.722866613,5.42044718,6.509327465,10.72588156,10.47972293,8.462042663,8.131545676,5.855803914,7.649671345,9.420215552,8.580348827,10.32154176,10.73351871,9.739430771,4.807168802,9.197355513,8.889530094,9.924016826,9.708903239,10.36353843,10.2653674
knh_660_BS5009_Fbat1374_PT30_1.Repl._No.3_rep_cDNA_new.Yeast.CEL,-6.811978949,7.733608734,8.252526856,8.442214199,7.800538206,8.151218323,8.645547884,7.991640447,9.148486374,8.701204178,8.628352349,7.855338179,11.87667281,9.7372558,9.010751916,7.867043728,10.4757985,9.435737972,9.915670937,6.444564621,6.362198336,8.563195367,6.830596991,10.70153107,8.18184755,9.143302386,9.908141384,9.503471687,10.32926905,9.565208371,7.86135313,7.289634118,7.365839034,7.506013327,9.930833106,10.39673699,8.759820497,8.046388261,8.878998096,7.633977401,7.506239255,9.010211413,8.521542336,8.721052515,11.18342096,9.296012692,7.674618547,8.20655261,10.58745691,7.901159627,6.311960324,9.080510598,8.809905443,11.53061487,10.05966623,8.684239733,9.529909995,8.938859053,8.910705689,12.23067639,8.119698672,7.257886294,8.965048013,7.058347583,8.685908173,8.012163603,9.475059384,9.25740389,7.603273924,8.256894728,7.085240843,9.32264827,7.857931959,8.352869385,8.502297368,11.45497007,8.836613846,8.205468851,9.256344534,6.383475633,7.017210118,7.435934164,6.632273808,9.988099818,9.904574155,7.800834861,8.236305714,7.475104529,7.305989529,9.280768382,8.886550416,9.658196387,10.74472397,9.316593467,6.094165482,9.172205907,8.673375024,8.388094537,9.135900254,10.09400624,10.23321658
knh_661_BS5009_Fbat1374_PT48_1.Repl._No.4_rep_cDNA_new.Yeast.CEL,-9.587272661,11.68125495,12.10250954,11.81145387,11.14139871,9.937960479,10.16583537,9.349311886,8.083221078,10.14208647,7.997146858,9.442637256,11.50021142,10.67825652,9.425594091,7.71429048,11.03963269,10.44905088,10.58135007,5.766460303,9.383866862,8.673283289,7.411753074,11.51373621,10.56877865,10.13320474,10.79757357,10.70257729,11.27867955,10.45515538,8.058904002,6.394031844,8.055679834,9.117765364,10.68818531,10.76846907,9.107719837,9.53042312,9.403600752,8.144473199,6.385278504,8.166812146,9.386156502,9.929589499,11.99529731,8.776823943,6.984815901,10.53936576,9.828841678,8.960723034,5.75252258,6.495994457,11.00328915,10.56146117,10.81459642,8.335530688,10.4701189,9.486549444,8.779764008,11.35433752,7.704013435,6.573126656,9.826949688,5.939116558,9.681137747,9.165057638,9.839062616,10.88143836,8.535284559,7.157532111,7.497466166,10.01239405,8.990383511,9.571186716,9.324410305,10.90487023,10.09565029,7.867131432,8.256752546,6.049371655,7.737152907,6.524358936,8.439285524,10.96474881,10.57424311,8.300037822,9.901383474,6.257784004,7.271693355,10.20719742,8.826806437,9.750724187,10.63466862,8.449382589,5.758869325,10.23160364,7.923712303,10.02858152,7.9834021,10.19085963,8.947975966
knh_662_BS5009_Fbat1379_PT30_2.Repl._No.7_rep_cDNA_new.Yeast.CEL,-6.844768884,7.277678808,8.975086238,8.819509399,8.647864179,7.421840983,7.824294735,9.281945857,9.429174335,8.060331362,7.491588515,7.536167897,11.98482103,10.42442912,9.143465042,7.941980822,11.4539884,10.01362658,10.26831838,5.431594783,6.351569097,8.459951384,6.766833937,10.82406809,7.896941541,9.591466152,10.15428101,9.94930587,10.5409556,9.998221187,8.849770516,6.243844152,7.860038648,7.624579467,10.27881977,10.96193994,9.578547164,8.656391191,9.309410648,8.529004445,6.502513873,9.135591953,8.816418231,9.582259083,11.43912712,9.741605675,6.697999905,8.927654856,11.10796371,8.880230023,5.404647279,9.331532401,9.371088776,11.42758161,10.50500416,9.444418235,9.865026015,9.494454622,9.419394662,12.11075073,8.334676684,7.128868731,9.191196467,5.410130495,8.434464154,7.642821083,9.801684536,9.431722075,7.124245957,7.325162136,7.580399908,9.417682606,7.781443729,8.321298786,8.858264638,11.6372424,9.305105742,8.83205753,9.341800498,6.248679016,7.408724916,6.350698097,6.12636756,10.18436858,10.75036252,8.285153864,7.788426755,6.707358957,6.776926268,9.995695344,9.047653423,10.22899471,11.01314092,9.557267752,6.396904756,9.836417638,9.073709892,8.980654762,9.341965732,10.37367325,10.36054996
knh_663_BS5009_Fbat1379_PT48_2.Repl._No.8_rep_cDNA_new.Yeast.CEL,-9.965784285,10.9847596,12.18435118,11.73129146,10.82113728,7.62893369,8.366340644,9.193878502,8.043597558,8.284816346,9.160907529,7.618715927,11.30725737,9.452606713,9.137133246,7.924676006,10.79234093,8.962825656,8.96475143,6.801607762,8.670004857,8.50236057,7.25934798,11.52555765,9.914154682,8.635124674,10.67682318,10.54533949,10.96761689,10.42272763,7.943019117,7.856723499,8.23953017,8.591611537,10.67408662,10.82285219,8.612507039,8.555896308,8.965979412,7.842151047,7.817112316,8.00953435,9.231173935,9.085857122,11.46295457,8.350178159,7.943471128,9.603771703,10.0335786,8.910611535,6.289301915,8.592042708,10.65186402,10.78358617,10.38877085,8.209774871,10.32503229,9.133354856,8.437977672,11.71056638,7.806260214,7.085679837,9.222477501,7.095818997,9.547429288,8.646551762,9.651243368,10.45672076,7.715373683,8.420271232,6.795680441,9.483123477,8.561342837,9.199785847,9.285393853,11.3060676,9.710671318,7.549407567,8.562123192,6.867257773,7.665299682,7.562048834,7.91796762,10.31698925,10.92503848,7.92051319,9.389963997,7.587247894,7.160172414,9.555248023,8.972978778,9.42612011,10.401114,8.780156448,6.847129911,9.453202565,8.447466126,9.184677587,8.301454732,9.857551717,9.461440238
knh_664_BS5009_Fbat1383_PT30_3.Repl._No.11_rep_cDNA_new.Yeas.CEL,-6.748553568,7.351882762,8.321307124,8.536136059,8.006218784,6.886760592,7.600300424,8.915901857,9.113631581,7.788829101,7.872800322,7.396307544,11.29467916,10.27066416,8.930872742,7.951137767,11.27429287,9.26563645,10.62772414,5.600182817,6.130922196,7.992225395,6.176329588,10.66510105,8.211767603,9.35337471,10.28754671,10.06474211,10.31200485,10.15904474,8.842859971,6.227210644,7.657348355,7.492750338,10.21906479,10.77867952,9.796133024,8.85285161,9.524529684,8.800713723,6.257590623,9.3363943,8.872667407,9.803728867,11.69213464,9.774900114,6.629031123,8.930817795,11.43503631,8.967030353,5.652740744,9.54384421,9.469049919,11.33895316,10.60751526,9.090261621,9.82126104,9.834829218,9.582619731,12.42480163,8.306281912,6.885491421,9.846488634,5.038068665,8.009795082,8.014215936,10.16577734,9.359948229,7.651645225,7.003730657,7.545906309,9.821954185,7.576038402,8.094380469,8.591549152,11.74061612,9.574145595,8.925906839,9.474626312,5.884643389,7.713532775,6.140261449,6.315715274,10.52474123,10.57983973,8.950080004,7.830350967,6.464082489,6.813108694,10.20177631,9.12646329,10.5090172,11.08467725,9.727923758,5.707761492,10.16551896,9.348404803,9.58875047,9.303005347,10.46593678,10.65330613
knh_665_BS5009_Fbat1383_PT48_3.Repl._No.12_rep_cDNA_new.Yeas.CEL,-8.380821784,11.75625803,11.30956433,11.70878823,11.13510888,9.86962088,10.32259619,9.108358955,8.202983057,10.35949004,7.908856648,9.435380909,11.59507518,10.77565374,9.368746279,8.04860732,10.33260566,10.34647046,10.86094507,5.735323427,9.044684601,8.789584898,7.835269477,10.9312359,10.65004819,10.25136141,10.43807456,9.951364753,10.37932191,10.86810566,7.904882856,6.604167502,8.048774725,8.501021473,10.28882364,10.09455353,9.048391201,9.636021056,9.322841771,8.305617982,6.509366571,7.566191805,9.431302002,9.824242731,11.62184098,7.894734467,6.987234029,9.567629339,9.984882539,9.076355699,5.46085973,8.511000937,11.0316503,10.38391004,10.73376635,8.010838289,10.13077167,9.198169798,8.481718882,11.35668511,8.029980372,6.702639971,9.539004163,5.935924854,9.644563063,8.669699231,9.874390559,11.04271006,7.986464519,7.1924207,7.728947437,9.892371144,8.725189507,9.390476611,9.316669246,10.93724851,9.815599852,7.668978438,8.420288418,6.046860013,7.594392466,6.472983419,8.872431103,10.91158821,10.21090996,8.180562239,10.12913222,6.467787959,6.768718096,10.14777887,8.661126285,9.646049138,10.34270079,8.675303865,5.794387598,9.942312324,8.107715349,9.894268545,7.763163452,10.03705087,8.910235586
knh_679_BS5254_Fbat1442_PT24_1.Repl._No.38.CEL,-5.886832943,7.225171849,7.575942391,8.058113895,7.333780969,7.730545517,7.672049044,10.02483936,7.496835268,8.061328821,9.133580742,7.155808012,9.815315172,9.881602454,8.187497956,7.661435388,9.951967166,9.611085023,9.879443097,7.675157707,6.654797238,8.089934492,7.336235346,10.29494448,7.587091021,9.399637332,9.89723172,9.607617578,10.15583047,7.506263876,8.17295808,7.801626202,7.778353133,7.472352747,9.876234446,9.634466743,9.570917469,10.11087915,9.44137228,8.923605664,7.188072543,9.2051423,9.002569455,10.33207741,12.10438886,10.25341217,8.153361602,10.27113488,9.607196153,9.073883505,7.21854457,10.74558059,8.823249435,9.632789867,10.9382926,9.535954213,9.200810586,9.268903232,7.894859244,10.70457815,7.575987752,6.938685261,10.13528346,6.33712293,8.46277328,7.832403437,9.912099843,9.472615331,7.320286149,8.447481777,6.069516767,10.38220351,7.870655291,8.157395856,8.967737773,11.21063975,9.834959472,8.806804389,10.76088999,6.056718008,7.288392691,7.689357749,6.299456132,10.59989831,10.4583766,8.309905312,7.931307693,7.13195662,7.366351858,10.58997694,8.620134616,10.79226508,11.04721648,11.00899286,6.059478088,9.49788779,10.01570809,9.315068112,9.577385994,10.29368907,10.59422149
knh_680_BS5254_Fbat1442_PT30_1.Repl._No.39.CEL,-6.265344567,7.389827259,7.462688059,8.62280664,7.614061551,11.53910651,11.99914013,8.015455848,8.277119401,12.03861832,10.05526484,11.11566169,10.58877193,10.81044768,7.957302654,7.803949594,9.12422377,10.40794011,10.8960818,8.399193534,6.936971261,8.191786862,7.787580459,10.33609985,8.109993312,10.21508839,9.892231623,9.557618108,9.983702473,6.475689242,6.896341339,8.518337809,7.315091597,6.988716922,9.810017852,9.221668906,8.454753534,8.819831164,8.683054487,9.436169226,8.268756161,7.237409209,8.484059098,9.200824744,11.71912559,8.850926765,8.279188121,9.446673512,8.927397381,7.635001709,7.088732204,9.909786819,8.470074206,9.613375166,9.920245679,7.975833288,9.444301173,8.915331294,7.376675994,10.86245448,7.662727287,7.074804721,8.330720646,7.186594076,8.258894624,7.930520482,8.798110278,8.712542269,7.500586314,9.211566536,6.118296561,9.243418432,7.234404442,7.621932193,8.559813566,10.59039343,9.184290932,8.11886184,10.36234677,6.810723747,7.509602706,8.366275039,6.524098808,8.954304069,9.704153757,8.336562597,8.058810531,7.916360081,6.247550269,9.647232759,8.545101653,11.00420986,10.79298623,10.37775077,6.289810101,8.874263283,9.315008959,8.216626282,8.943140219,10.05477048,10.67691161
knh_681_BS5254_Fbat1442_PT48_1.Repl._No.40.CEL,-7.702749879,11.3300711,11.27874447,11.42462798,11.34280913,8.542371176,8.882848029,8.44839318,8.012300719,8.396590284,9.80491775,7.790889475,10.31284408,10.52228059,8.460686548,7.892705926,9.958136853,11.32155311,11.58808162,7.879855007,8.451688642,8.395945261,7.822728528,10.37946244,9.452609575,10.98038184,9.611994533,9.34627224,10.34130864,7.60880746,7.415209673,7.958394988,7.815323939,8.765395832,9.695311439,9.7698363,8.916253512,8.854888545,9.181669173,7.906995367,7.810843919,7.782396713,9.015362379,9.133725351,11.53754987,9.622674892,8.511204686,8.76704532,9.255054819,8.67826857,7.178386473,9.087923708,10.37576097,9.435767366,10.76742745,8.677555672,8.891665351,8.861405689,7.410421644,10.73281042,7.715900654,7.159955051,9.515394855,6.997512357,9.745442666,8.8297485,9.966561059,10.70275181,8.189165967,8.885461185,6.243309709,10.20788446,8.896137231,9.505081642,9.146897659,10.08946242,9.94504227,8.360145445,9.217314556,5.709193346,6.4577436,7.948697373,7.869857443,10.40050378,10.39783946,8.804788229,9.345760219,7.642749779,7.013510852,9.391330622,8.718560725,10.07478539,9.620176378,9.24425884,6.229854217,9.120761738,8.472393313,10.03344352,8.761853518,9.193983517,9.117911998
knh_683_BS5254_Fbat1443_PT24_2.Repl._No.42.CEL,-5.947862377,7.462995977,7.73995207,7.980608679,7.434857671,7.584566838,8.095827448,9.12576339,7.856282246,8.262459671,9.821632053,7.326409203,10.55251466,10.10487679,7.829128298,7.966291939,10.31303678,9.879212726,10.16695118,7.771218987,6.91447341,8.130744613,7.381710376,9.75058491,7.907225618,9.520989884,9.412207667,8.855597879,9.836154828,7.559684022,7.62479042,7.812307214,6.942042811,7.783218691,9.370570796,10.19301219,9.185825747,9.63467871,8.678000636,8.59697124,7.595895481,8.142008255,8.455873992,9.821840326,12.02884917,10.22272722,8.410647054,9.639556783,9.218385086,7.946492706,7.214911129,10.72722506,8.888866241,9.67761187,10.56021595,9.403361313,9.057073147,9.311235773,7.636118938,10.580265,7.786115591,6.953148604,9.586661169,7.136179892,8.531286975,7.272886605,10.13752353,9.360156981,6.386958175,8.666140731,6.231226505,9.897947459,7.870519089,8.218940466,8.487703001,11.13809476,9.220926314,8.089415571,10.5571658,6.463503799,7.494547783,7.987053693,6.457767703,10.48742917,10.66804434,8.744028909,7.931107635,7.707663281,7.414533233,10.08523472,8.351641345,10.70401801,10.9178159,10.68661538,6.403482958,9.617602461,9.850471885,9.040486725,9.48864001,10.20762323,10.21460444
knh_684_BS5254_Fbat1443_PT30_2.Repl._No.43.CEL,-6.254289378,7.191448159,8.141965792,8.296605678,7.756918898,11.94826772,12.29658685,9.134910857,8.572280496,12.18101216,9.260837142,11.49447401,11.9404047,11.04332951,8.614728484,7.999902256,10.37870214,10.92155295,11.06583144,7.035584875,6.718765804,8.347920149,8.496708831,10.91963219,8.071438404,10.00624486,10.35168037,10.09179815,10.64902481,7.643045916,8.035756776,7.390579409,6.750539463,7.33187621,10.25790756,10.24556789,8.988955174,9.26092604,8.879204371,9.830946081,7.301486006,7.749528441,8.090171092,9.518210536,11.77079224,9.489534757,7.77975046,10.03690013,8.948810693,7.345646965,6.524895495,10.24031434,8.980848369,10.10332436,10.15012309,9.000142673,10.19358372,9.204976665,8.03836845,10.99259525,8.052517261,7.009492708,8.837792033,6.951301577,8.399864522,7.034976725,9.51877258,9.073562653,6.913109006,8.308085676,6.61581583,9.353619749,7.720967402,8.04198612,8.149118593,11.41721872,9.215773359,8.520830424,10.35305835,6.952923817,7.260444059,7.50661241,6.028864136,9.516696327,10.40850093,8.972144315,8.126555093,7.491915204,7.031513053,10.07935961,8.791138766,11.35984794,10.85338558,10.37975838,5.429667739,9.189729205,9.586325023,9.236902786,9.390376478,10.4292856,10.84391828
knh_685_BS5254_Fbat1443_PT48_2.Repl._No.44.CEL,-7.895394957,11.75646666,11.66285449,11.86530716,11.37568347,7.776577746,8.029347376,9.281364831,8.035075932,8.016803853,9.533097417,7.501808913,9.662074254,10.65911884,8.458142691,7.768957784,9.357527137,10.42432696,10.59816222,7.622525289,9.162092401,8.413882683,7.122934586,10.24753415,9.764180316,9.811079832,9.79355153,9.467548394,10.08518151,7.993682732,7.90266916,7.824260921,8.078927961,8.831072582,9.748218696,9.262581584,9.032309515,9.541730287,9.223724596,7.751081102,7.679851618,7.923855875,9.211190956,9.849670319,11.75730486,9.129645483,8.295316049,9.145790673,8.712947774,8.55959658,7.432631445,8.948793768,10.17113655,9.693493361,10.75403485,8.547224703,9.15208336,9.240497032,7.767068392,10.6808494,7.74552521,7.217100217,9.978004271,6.846190207,9.711492998,9.104999283,9.345011103,11.04292939,8.581980584,8.598026345,6.232642407,10.43534132,9.020813255,9.476277035,9.08233986,10.31503386,10.16476304,7.988219504,9.021694179,6.112679795,7.766800174,7.71186462,8.639609241,10.68013841,10.23455025,9.049932354,9.192114429,7.117921515,7.395056916,9.910259297,8.686513978,9.862447547,9.952617644,9.353669377,6.668560473,9.511727746,8.659199464,9.536533931,8.485584823,9.29122889,9.332762133
knh_687_BS5254_Fbat1444_PT24_3.Repl._No.46.CEL,-5.878321443,7.541265977,7.770606346,8.141742995,7.578932031,7.741287936,8.413407058,8.914048602,7.837122217,8.686616714,9.436314764,7.860843607,10.26378136,9.588907463,7.999106373,7.777192506,9.550156115,9.390561839,9.575674464,7.167624197,6.566587965,8.156944128,7.837060866,9.774164638,8.119061005,8.085051531,9.298107205,8.590814145,9.559563531,7.196823019,6.976419094,8.015305959,7.199137464,7.106617091,9.367511448,9.372081683,9.04804847,9.429350459,8.180947444,8.618976998,7.550955049,7.831786624,8.64605059,10.47447313,12.02969199,10.19129063,8.123944198,9.238081418,9.141941584,8.124136128,6.823495159,9.768635388,8.7315879,10.02135473,10.03715387,9.075549758,9.419041487,9.129692285,7.652137886,10.79045921,7.761737131,7.05928708,9.350473644,7.012418297,8.423786638,5.898191438,9.525369659,9.048847879,6.011916768,8.508285666,6.515515173,9.945285425,7.844000451,7.973329191,8.766143297,10.44339403,9.009183175,7.987195269,10.13782248,6.852307911,6.373753938,7.604191958,6.702858911,10.39323678,10.1692952,8.298350622,8.264088713,7.635609044,6.870189011,10.61683778,8.609684717,11.1208481,10.89566158,10.13335528,5.910511339,9.258606606,9.245875959,8.88157842,9.364217245,9.753528155,10.23638056
knh_688_BS5254_Fbat1444_PT30_3.Repl._No.47.CEL,-6.232429944,7.291323739,7.780067383,8.048064218,6.965989518,11.80474195,12.2587002,8.935638109,8.240401309,12.14716562,9.611034498,11.47528258,11.9719093,10.62859778,8.706708735,7.980439606,9.779346459,9.477147109,10.15803064,7.216789164,6.51081761,7.939875044,7.86772043,10.88585075,7.435294847,9.840448917,10.44185611,10.11703378,10.68024916,7.522842705,7.330244911,7.855332406,7.32667351,7.368573202,10.23587387,9.649840618,8.979912631,9.305325645,9.057962293,9.71415151,7.622826603,7.57626686,8.511142572,9.011069944,11.79159237,9.539697219,8.251354434,9.396204984,9.101318897,7.820026041,6.811997225,10.61724268,8.409417927,10.00255334,10.23258953,8.762724965,9.721529542,9.157835694,7.919057235,10.77705136,8.052810192,6.737948557,8.928620376,6.346723604,8.207953781,7.724037025,9.75042681,8.818008871,7.139564697,8.360950966,6.192521867,9.445552461,7.516196673,7.883435493,8.706787778,11.13650117,9.236536824,8.207358968,10.71477371,6.069090372,7.74835494,7.611087923,6.479611699,10.07253746,10.1973339,8.383672903,7.316102388,7.533212957,7.060516142,9.932648939,8.843708201,11.41576716,10.82167626,10.99707813,6.264120058,9.367097412,9.967556871,7.957093711,9.388834157,10.8471757,10.89248437
knh_689_BS5254_Fbat1444_PT48_3.Repl._No.48.CEL,-7.673002535,12.21804626,11.58980423,11.84108979,11.85122671,7.900402581,8.679131593,8.631545614,8.014178923,8.645881747,8.611201262,7.934152486,9.791079033,11.42905804,8.562282948,7.609377115,9.463834879,11.25958437,11.43695436,6.613599753,9.308811554,8.206705201,7.476704982,10.22872197,10.42027848,10.87505622,9.77651576,9.386813892,9.935535896,8.571281703,8.466129429,7.220287774,8.111149584,8.582053382,9.731504765,9.396435545,9.065683194,9.798854146,9.323868834,8.444254476,6.872617631,7.890889537,9.26323138,9.682164869,11.87748231,9.32977358,7.53587803,8.753963977,9.255168735,8.879928671,6.001417994,9.064326372,10.80729526,9.871655157,11.35301826,8.1871385,9.607938057,9.726625881,8.327781319,10.69915152,7.570228748,6.969420753,9.819846141,6.012780279,9.651572475,9.407626682,10.03644029,10.78654443,8.981047757,7.904125264,7.147859959,10.4771884,8.723624208,9.656668258,9.36643941,10.10949407,10.31820459,8.209589477,9.061311191,6.348743064,7.460327916,7.195864748,8.94807747,10.52860194,10.1895633,8.688760842,10.19175639,6.689677629,7.312694666,10.25690707,8.803008588,10.60108201,10.20788194,9.384749523,5.709509867,10.06254422,8.628974415,10.22202677,8.522127317,9.658202482,9.544406777
knhb_039_Fbat152PT24.CEL,-6.532824877,11.45792563,11.21963221,10.77499038,10.30240105,7.535052846,7.996168672,8.92896515,10.75696457,7.905070642,7.981579718,7.055648551,11.90011577,11.79648603,9.747647214,9.743738287,8.337251323,11.56470458,11.41220659,5.480681684,8.045859743,9.388429361,9.003512935,10.63606098,7.929879062,11.49371771,9.948485624,9.716491208,10.53914875,9.669310513,7.61048444,6.337597996,8.953875317,8.51543462,9.98904988,8.462686669,10.16692919,11.14612632,9.104030168,7.483334606,6.463707401,8.087006239,9.88022698,9.722920863,11.22353368,11.59578632,6.762930424,8.400259525,9.327704151,9.855550924,5.160646188,9.485093862,9.243884448,10.21012332,10.32246385,10.9076724,9.70323011,8.572113627,8.334429655,9.923447029,8.280315735,8.33004921,8.925362392,5.528312264,9.075369968,6.727859735,9.253832457,8.908917106,6.132702978,7.206386675,8.802398428,9.124087845,8.689733285,8.977543063,9.83659587,10.45460977,8.976658597,9.236577255,9.691266507,6.473044871,8.591779736,6.436506285,7.954421268,10.38422141,9.439935644,8.864504012,7.747603668,6.549101299,7.670762667,9.71869539,8.671677007,9.611751657,10.08033212,9.942214404,5.880592841,9.475448793,9.599717277,8.474208633,11.10842964,11.21322704,9.781943843
knhb_040_Fbat152PT48.CEL,-7.828280761,11.02216528,11.1373295,10.44112971,9.767890648,9.474245623,10.17961232,8.065714219,7.343525986,10.11583796,8.173176291,8.977822108,11.25276805,10.60741499,11.35897519,10.01823209,8.899440671,10.21112241,10.60893836,5.164872302,8.09093044,9.482256865,8.832873317,12.32457072,10.28953518,10.135856,11.48098516,11.1962574,12.22645193,9.249239807,6.741108556,6.059710255,8.33494244,9.018057027,11.62254559,8.786132758,9.53498837,9.948392325,7.210508177,7.971492523,6.260962892,9.550125421,9.425298209,8.235716874,10.49051824,10.11405018,6.77943809,7.607899154,9.250419386,8.569325696,5.201753911,9.335913343,11.01965512,9.720785868,10.04504519,9.240521796,11.27983725,8.451896941,8.171993612,9.626666098,8.205312059,8.392324651,8.636347082,5.446645399,9.212795092,6.163256601,9.306487983,8.252674835,5.737544228,7.434645619,8.434513087,9.875209426,9.259245312,9.403059648,9.263003602,9.737462262,8.559626986,8.022914144,9.301319113,7.174446449,8.922799894,6.587030943,7.332081622,10.39510239,9.412099218,8.280680526,9.801024266,6.913505531,7.229649352,8.477275894,10.0311561,10.57782111,10.18395763,9.575974836,5.602527476,9.695247893,8.955719988,9.077438587,10.1729577,9.986876536,8.7276483
knhb_041_Fbat152PT52.CEL,-8.24331826,11.88981772,11.37426657,11.66084037,10.74705466,9.299950784,9.503605275,8.799633062,7.613996731,9.478325229,7.423750805,8.771887474,11.35399883,10.8766818,11.69523375,9.55544714,8.780282319,10.64386542,10.43485385,4.997996742,9.049083822,9.275840811,9.099663805,12.7148409,10.49985132,10.27439439,11.94733264,11.54219018,12.51005248,10.01369791,7.0908751,6.062152939,8.603128636,9.367000989,11.84241339,8.489445078,9.858310286,10.02763445,8.83892299,8.516892476,6.005109381,10.46639084,9.531809208,9.60477094,10.24082615,10.31867961,6.569365548,7.431482086,9.508264492,9.382307092,4.887354938,9.328064064,11.09270168,9.979128269,10.50541618,9.684890711,11.40550952,9.249656895,8.269218115,9.622541434,8.091833522,8.258537786,9.442951199,5.036415196,10.02136318,7.433700148,9.526051338,8.483599632,6.846965952,6.813099277,8.998408491,10.15328199,9.550733463,9.854389588,9.458153396,10.22720162,9.089086385,9.230070226,9.183109113,6.451268145,9.576358903,5.999905625,8.015268765,10.63243546,9.465929539,8.463461514,10.17865034,6.225195718,7.516413867,9.555290083,10.43451677,10.23616283,10.31164225,9.354175765,5.279188527,9.900181891,8.934678262,8.876920374,10.60220826,10.40892437,9.130122319
knhb_046_Fbat202PT24.CEL,-6.265344567,10.74775475,10.98721175,10.67643331,8.795676506,11.34471823,11.5676579,9.081401467,10.8371277,11.39014742,8.183721332,10.60281729,11.84559389,10.7175589,10.02799371,9.508907131,8.673490147,10.42094094,10.46869054,5.462748244,8.188483876,10.71137694,8.920797303,10.94160468,7.612809237,10.39998249,10.37062985,9.946500131,10.68700612,9.291970435,7.412944849,6.281370811,9.267161481,9.753430423,10.29147561,10.92141092,10.11994324,11.48089658,8.705237437,7.104526324,6.209414113,7.251036988,10.22620134,9.682234472,11.66856746,10.61616825,7.041335938,9.923670705,9.197883663,9.74858235,5.660769271,10.38313618,8.539782204,12.67807509,9.982562878,10.45410161,10.2108083,8.093846777,11.14036413,13.32919877,8.481824596,8.034302125,8.882973454,5.843570474,9.992424361,6.134758492,9.759962262,8.858986134,5.895441943,7.32260682,8.234205351,9.512827863,9.67055132,9.819418069,9.875692527,10.50914963,8.899228688,9.41239155,10.12336875,6.427030151,8.584761996,6.495569877,7.312220828,10.25980177,9.741262955,9.38597104,7.341975157,6.678528738,8.002387873,9.37379999,9.226909661,9.469135901,10.64171861,10.29748278,6.363731646,9.491454264,9.959581493,8.286118004,10.46554885,11.17130581,9.784189258
knhb_047_Fbat202PT48.CEL,-8.587272661,11.14972884,11.10455484,11.90002116,10.271994,9.852920679,10.25215944,8.336240752,7.921303637,10.16898476,9.038038458,9.401625637,10.58716447,8.108144235,11.43128829,9.991010625,8.381339968,8.018960341,8.778633523,6.311210148,8.878547032,9.929821511,7.486256276,12.97935869,9.776002574,8.208837442,12.37362934,11.87048688,12.8142673,9.745016064,7.445529343,7.010378073,7.897625118,10.99236018,12.32884095,8.270517627,8.897504435,9.695302718,8.040621445,7.57547793,6.916723193,9.589752695,8.913271855,8.427653285,11.29888149,10.49076278,8.087407658,7.402552638,8.168089659,8.353273083,6.528080691,9.92180555,9.937637656,9.588615547,10.32099819,9.498734902,11.67938155,9.041674292,7.655576908,9.634044853,7.707907928,8.698877878,8.640429305,6.721605748,11.46768114,7.073806743,8.462442861,8.432828027,6.293535496,8.105042517,8.529870348,10.33528365,10.93238231,11.21472126,8.848876919,10.51517675,8.832108318,8.380000842,9.383508855,7.560064056,7.636162558,7.457122323,6.89351818,9.442999611,9.017217987,8.58522708,9.276787952,7.570642863,7.548630082,9.642227543,11.1243881,9.743287012,10.77524378,9.55043544,6.729723458,9.980075476,9.110787931,8.73151918,10.44894702,9.884912863,8.792611545
knhb_049_Fbat203PT24.CEL,-6.480357457,11.06674791,11.06264538,10.69521854,9.909168588,7.973789215,8.279114026,7.932286005,10.37995419,8.566457845,8.807735997,7.485363935,11.93221597,10.55326623,9.080248962,10.02042825,8.069914628,10.21081806,10.47132275,6.833141599,8.002723274,9.959550046,8.617609812,10.13824313,7.795004879,10.35851133,9.39940643,9.280189185,10.26008056,9.232662501,6.628131672,7.831544672,8.430455759,7.743028146,9.505163756,8.287927856,9.683420416,11.07536401,8.562226538,7.430492035,7.68438043,7.83938358,9.806568346,8.724562512,10.74037503,11.18483617,8.468281606,7.696047518,9.164485617,9.437140668,6.662046213,10.01156623,8.363653013,9.391952322,9.949754836,10.54368597,9.136369524,7.717419186,7.472412786,9.921542153,7.872655757,8.799783645,7.588141724,7.169302501,8.714169097,6.200853189,8.667271535,8.367983257,5.980739638,8.618867515,7.499441993,8.912120693,7.917580585,8.393295025,9.827394945,10.11023517,8.549950915,8.629378459,9.778143712,6.953791143,7.828266023,7.872856158,7.296777552,9.697053694,8.911819549,8.591362905,7.856725403,7.626131486,12.2796928,9.234861329,8.216755931,9.357953538,10.22420092,9.817240305,6.293807725,9.073480768,9.790444652,9.035854011,10.74120274,10.91893489,9.024388331
knhb_050_Fbat203PT48.CEL,-6.930160375,10.77057944,10.52198877,11.19505749,9.401532031,9.310033368,9.78250047,7.802916544,8.007102695,9.568849789,9.296890225,8.526098573,10.47192278,8.728021086,10.84652049,10.37112413,8.513909057,8.693923339,8.869716213,6.727022634,7.872488377,9.99030985,7.091947904,12.22803499,9.087700719,8.633437081,11.55673683,11.08881957,12.04824921,8.620381083,6.699021598,7.469918434,7.542290151,9.225899236,11.70657378,8.317604918,8.505935585,9.070900971,7.208666496,7.029617733,7.333804618,8.392434159,8.594547266,8.400493431,10.15107763,9.714425194,8.177303058,7.40957611,8.129689479,7.600480746,6.57633324,10.06073067,9.266730071,9.040775589,9.081026333,8.95739735,10.77458658,8.007084136,7.443368955,9.56250948,7.522702481,9.060985766,8.062278463,6.997039606,9.716691625,7.246511569,8.038698885,8.063974537,6.536698139,8.593374126,7.529426674,9.23845683,9.289877841,9.388634074,8.754808078,9.465586414,8.046140116,7.766667626,9.537277844,7.572350377,7.956513727,7.585501965,6.880963045,8.717740359,8.515797074,7.80910103,8.730091358,7.722892138,11.05368301,8.960443649,9.977006849,9.091082886,9.878745786,9.790405335,7.256795507,8.710425644,9.170170641,8.392933849,10.0534007,9.356971267,8.568975658
knhb_090_Fbat284PT24.CEL,-8.158429363,7.678629524,7.917207835,7.924317659,7.224330081,9.492064388,10.1376635,4.736921681,7.541584891,9.907173849,7.912411062,9.237028802,9.387989123,9.561241652,9.856925804,10.28469943,8.413893231,9.318288828,9.569404057,5.220367651,6.572232146,9.659360119,6.849926206,10.36647351,7.815324722,9.710913147,9.343761476,9.730017547,10.16897723,7.434543822,5.818030145,7.293833686,9.780789291,8.046623899,10.03954644,8.658589152,8.260829733,10.76269379,6.352172632,6.493980848,6.837801938,5.742691872,11.14152856,10.12946789,7.922895346,8.159668678,7.571559339,7.654588725,8.052854893,9.964566927,6.021980187,7.887325003,8.984684682,8.372371786,7.21347736,7.121337831,8.697212418,6.913057119,7.354557206,8.847446013,7.099331637,8.418097924,7.079105685,5.534882668,8.660445756,5.7361686,7.185151533,7.534576109,4.946694783,7.958335279,7.388234872,7.700196681,8.545176208,8.8365795,10.81606517,8.284786676,7.051424029,7.354567371,7.895868029,8.585925158,10.7130453,6.662784388,6.042418714,8.641317484,7.793140263,7.034609619,7.718539848,7.12759886,8.025477737,9.922100949,9.316714517,9.062939125,7.307268353,8.260439363,6.730458645,7.866659891,7.550240583,7.799263525,8.851323104,9.237712938,8.167203875
knhb_091_Fbat284PT48.CEL,-9.587272661,9.353148153,9.617171897,10.14662623,8.802382719,9.578130283,10.06464592,5.501499286,7.07202849,9.976475371,9.835906254,9.142716664,8.604432915,8.180270807,12.16960037,10.23769876,8.464953087,8.051881456,7.977149796,7.881696827,7.920354483,10.36830637,7.275440179,13.71718927,8.10374002,8.224127537,13.06403894,12.72864282,13.51408717,7.568635953,5.731764059,9.101963104,11.09143033,7.890241576,13.1393762,8.544288896,7.971838776,10.49434031,6.897683915,6.800609408,8.847362144,6.500139056,12.15519508,10.64525715,9.268235091,8.99837719,9.580690471,7.340372383,6.365725387,10.26172166,7.364262843,7.868855493,8.939364854,10.74498669,7.947846283,8.021923109,12.43510696,7.865152576,8.510989139,10.11023694,6.996308338,8.867682055,9.167349255,8.01892551,8.794063518,7.231612894,7.819404085,7.872553791,6.668930349,9.826717653,7.340346841,9.958244585,8.141697272,8.414117357,11.8530537,8.676367094,6.918847168,7.534235014,7.592769378,7.993196077,7.889840846,8.680000001,6.6035666,7.327134157,8.248168078,7.181585336,7.838329318,8.857943864,7.686181303,10.47330057,11.35391372,9.690457928,7.727113461,7.990241603,8.7506114,9.28656634,8.417106976,7.339520885,9.084278561,8.643298357,7.854940979
knhb_098_Fbat287PT24.CEL,-6.442222329,11.04757193,10.97328331,10.92509522,9.840719541,10.17908236,10.61323301,8.241492578,10.35393742,10.58629943,7.798202868,9.841719945,11.17943616,11.03882914,10.14786921,9.607623969,8.147974091,10.81884003,11.11189188,5.595349164,8.023020651,9.19438073,8.009483985,10.91522702,7.810813689,10.59285472,10.10596314,9.748752628,10.62133059,9.091101622,7.482600864,6.577064209,10.2478751,8.44923153,10.33302078,8.135117579,9.84843048,11.20652783,8.59938376,7.614556857,6.483309318,7.09489293,11.39874062,10.95335565,10.91206679,9.877312308,7.104335375,8.306587337,8.654263371,10.74403918,5.470330465,10.04856143,9.325369699,9.604948521,9.607441753,9.400391708,9.64980267,8.263453678,8.076536028,9.980364669,7.972377501,8.271912048,8.499536941,5.801535311,9.054897289,6.604520966,8.471339444,7.933573033,6.168793869,7.592049919,8.283943819,8.852541303,8.661951991,8.996827456,11.19768006,10.3063666,8.581354275,8.974584675,9.87822193,6.68456604,8.766129383,6.516815103,7.658194773,10.36926392,9.388829001,8.815764481,7.468097623,6.825068836,7.949509055,11.1646868,9.076115327,9.733665734,9.888344493,10.11942193,5.963443497,9.359494863,9.841613483,9.293179284,9.798531741,10.97624654,8.980774441
knhb_099_Fbat287PT48.CEL,-8.117787378,10.89866275,10.20493432,11.34457848,9.922579118,9.929463004,10.24437605,8.635240011,7.553045941,10.04378822,7.705482268,9.055365717,9.478904189,8.310697888,11.74483026,10.1588231,8.417761055,8.310537043,8.491049184,5.915694004,8.113792421,10.13238052,6.884054899,13.01484029,8.726244961,8.123564527,12.43939004,11.97409066,12.88792802,8.65058179,6.821488289,7.355816915,8.219965003,9.460987538,12.44750717,8.268559781,9.146613034,9.878171172,7.803985192,6.889637887,7.189476435,8.522110151,9.435062732,11.06272637,10.58045226,9.72863435,7.625771925,7.558643178,7.770900774,8.827609324,5.88358548,10.01452718,9.573750097,11.83262308,9.697203868,8.892927758,11.68616109,9.006259186,9.517220946,11.50367489,7.934214513,8.765827542,9.920456626,6.725682286,10.20706133,8.249156315,8.963202796,7.758267706,7.835909659,8.125062758,8.12292628,10.56263214,9.5088281,9.761608367,9.412058548,9.335092806,8.110009781,7.681371634,9.644146255,6.668569418,7.819118776,6.918064841,7.126720045,8.367590838,8.999671405,7.966027146,8.401032003,7.273387164,7.885665199,11.19233584,10.95768654,10.10160616,10.02661309,9.91097466,6.288405792,9.864357259,9.368842367,8.784216138,10.1982734,9.570197759,8.303266772
knhb_169_Fbat395PT24.CEL,-6.912672948,8.098996021,9.705300932,9.224664638,9.72393172,10.45255919,10.90917644,7.259327311,11.28901995,10.63967802,8.225762559,10.14443103,11.91500781,11.89616117,9.628622353,9.143166054,8.233500851,11.67407217,11.99765299,5.694765301,6.415790601,9.305898723,8.669014851,10.74401232,8.448934988,11.56729984,10.25253617,9.92838236,10.50203213,9.236800113,8.901860617,6.539464496,10.14704634,7.772249422,10.22384057,8.128643211,9.932823248,11.74598434,8.961454395,7.732893989,6.674189765,7.93374061,11.20438708,9.800198969,10.55060955,9.337009222,6.803046356,8.219346993,9.550070117,10.80843669,5.992762116,11.10534137,9.95406963,10.47828475,10.2453006,8.607669175,9.677120835,8.816937432,8.671702196,10.20061801,10.64052197,7.753891768,9.419513764,5.727297438,8.260680688,6.509883072,8.565839012,9.245710714,6.000897761,7.37566101,8.438610634,9.365184135,7.83191664,8.110475351,11.1398853,10.74460471,9.362497292,9.897097713,11.00259346,6.648492849,7.844017029,6.84709288,6.494677215,10.2757137,9.543520377,9.387503869,8.026062261,6.690661007,8.195159703,9.87856183,8.817802844,9.361692117,10.99573421,10.93541875,6.5066286,9.78893556,10.29775962,9.860094353,8.947047299,11.32607954,9.13633099
knhb_170_Fbat395PT48.CEL,-7.265344567,8.777518732,9.989808645,9.923647409,8.952115664,8.226794558,8.911302906,8.99303002,9.102618812,8.950892751,8.428300241,8.003275622,9.598791313,7.827442632,9.024856061,10.62266599,8.058001667,7.496443088,7.833677603,6.929127789,7.101529917,11.11048136,7.504092496,11.52205178,7.876652721,8.039451284,10.3404244,9.906954554,10.8892812,8.483392017,6.723632101,8.496008465,8.07761799,7.350694646,10.57964078,8.499409146,7.974578985,9.144289398,7.259361527,6.685948505,8.579885737,7.975971743,9.131861028,8.052767996,8.266649847,8.701265826,8.935193596,7.584491948,8.068292472,8.34680141,6.14935061,9.417598018,8.556033728,9.922017262,7.53208402,7.806785411,10.26803496,6.897688433,7.178485303,10.79161311,9.339017913,9.334861785,7.388729596,7.875611856,8.752799254,7.066703667,7.835632187,8.613222587,6.329278599,9.388238849,7.424316838,7.544548412,7.900370209,8.169489721,9.223906419,9.712461014,7.531630469,6.912330364,9.151183349,7.706145985,7.403520515,8.110379347,7.022405112,8.389898866,8.475976461,7.520724998,7.910511625,8.580931361,7.281009507,8.712940548,9.603360209,7.864261898,8.739791383,9.202390339,7.133970755,7.570067432,8.743371755,7.213093777,8.792905872,8.818014028,8.192898134
knhb_174_Fbat396PT24.CEL,-7.117787378,7.544044929,8.553872916,7.422019231,6.945438715,8.650535129,9.140009988,8.045404237,11.27688563,8.982298505,6.13547572,8.426453158,12.25589744,11.79234864,9.052305984,8.248511342,8.588883111,11.72389749,11.84166935,4.708460809,5.838335989,8.346401828,8.521801382,10.85100531,8.55315712,11.12940001,10.57579382,10.36019076,10.83338654,9.45733132,9.408216861,5.534356695,10.47398128,7.900764949,10.56001972,8.115412091,10.26043418,11.79596221,8.987891294,7.974998861,5.100491892,8.464312512,11.44216382,9.765163246,10.2431216,9.299357983,5.882839477,8.640594004,10.25579801,10.92849811,4.119498939,10.41591666,10.15289929,10.58384201,10.64605832,8.968751224,10.03554871,9.381980461,8.80422697,10.83065363,10.77377727,7.432404004,9.721441683,4.939106785,8.272059668,6.075982676,8.890149713,9.902858022,5.325529336,6.973295262,8.330121369,9.973466435,8.055019145,8.545944029,11.10496831,11.0375651,9.705754083,10.00392023,10.157232,6.665564409,6.747382408,5.415364295,6.733388967,10.76678399,9.917423387,9.364220801,8.025134091,5.076531629,8.808102317,9.887717239,9.056619582,9.677445492,10.74848861,10.35743642,5.310093143,10.40773599,9.685175314,9.749931105,8.984035369,11.66408195,9.700601214
knhb_175_Fbat396PT48.CEL,-7.506352666,7.892632597,8.669099084,8.960984721,8.0631958,8.582576142,8.777877009,6.566766906,8.080646006,8.954694312,10.58436797,7.714650131,9.483765013,8.660697983,9.500604509,9.764583046,7.829810951,9.034366135,8.657406459,8.334767262,6.980265875,9.621833152,6.862096736,11.38645444,7.858858909,8.984415516,10.53019711,10.49728466,11.46773209,7.758629307,6.370041721,7.916219942,8.670117999,7.628964038,11.24624836,8.054165666,7.747828295,9.563144472,6.676401128,6.352581735,7.93256109,7.315507426,10.04242639,7.935110504,8.142667331,8.44128099,8.272420119,7.442484526,8.196852281,8.961633072,6.820584528,9.324653711,8.46766581,8.575966072,8.177868157,7.299037337,10.10477363,7.562816957,7.083326802,9.944083817,8.942165895,8.512019697,7.784757973,7.548549138,8.467749963,6.699576887,7.56730028,8.249460499,5.98674933,8.886225919,7.200142803,8.695720112,7.897726784,8.20511907,9.945099915,9.159065616,7.546694623,6.114064251,9.81812474,7.213006222,7.183398035,8.079628935,6.587303036,8.385033506,8.00731134,7.568535901,7.857145227,7.8200949,7.481957443,8.82570523,9.260013994,8.184812261,8.637332064,9.460931389,7.203205613,8.860784685,8.85619336,7.587732506,8.618243746,9.196890546,8.299409064
knhb_180_Fbat397PT24.CEL,-7.039784866,7.276847711,8.553337504,7.558102836,6.952660783,7.966798637,8.374642863,9.644435079,10.91613195,8.203325778,6.295461703,7.70809224,12.1511112,11.08581407,8.994151692,8.855804068,8.41222267,11.1093436,11.35600201,4.226781212,6.392879247,9.16857414,9.004826416,11.24076771,8.407122792,10.73226845,10.9740921,10.65184934,11.28784506,9.122457586,9.147180904,4.821929728,10.13724837,7.629501059,10.80612625,8.127373206,10.1946657,11.90296084,9.279451426,8.085916288,4.638941413,7.332392164,11.2537283,10.30903148,11.38092441,10.34281266,5.401286823,10.39152704,10.09084974,10.85509996,3.770127847,9.99922108,9.920729937,10.76370866,10.85588884,9.9178038,10.6582374,9.376527945,8.576375935,10.89231161,10.84308978,7.614475352,10.00343923,4.216579043,8.136854139,6.117299452,8.974524961,9.789041678,5.673803889,6.70492601,7.964339268,10.18376617,7.782699849,8.181456464,10.97298988,11.44329434,9.411881467,9.827994172,9.86628838,6.646259109,6.566580612,5.110725355,6.28949796,10.75701085,9.989248448,10.00073738,8.008143956,5.644589602,9.119503945,10.34663246,8.880874014,9.730404632,11.15213163,10.04580516,6.159663316,10.29604883,9.798618152,10.15094217,9.21120202,11.58764615,10.48327316
knhb_181_Fbat397PT48.CEL,-8.078259014,7.312147098,7.744691229,7.994675938,7.018496266,9.161991999,9.441798084,8.240684965,11.00591229,9.400999061,8.364175746,8.423516107,11.61404658,9.975372119,10.61812981,9.04028353,8.038844982,9.816669685,10.19095445,6.167774502,6.594911763,9.49325151,8.932569301,12.56198331,7.899838979,9.534331741,12.01757735,11.80105238,12.49024925,8.931331745,8.539046632,7.305185983,10.31049192,7.693359274,11.97602387,8.10363439,9.782190525,11.72343009,8.791620876,7.364880474,6.535302802,8.97114098,11.22187031,10.00391119,10.47468992,9.054082788,7.420183665,7.956125914,9.137351121,10.83409311,5.893977482,9.911902569,9.642016064,9.750896454,10.12845076,8.476432261,11.63920518,9.191758553,7.889426314,10.28980091,10.39257448,7.979995221,9.886022929,6.125226797,8.366379115,5.78559665,8.522694415,8.918743172,5.619398219,7.817390366,8.199063551,10.35847614,7.872684169,8.28850984,11.15009289,10.97495675,8.849695341,9.47190175,9.794870281,6.879009343,6.955504489,6.9842986,6.104168522,10.28305333,9.229123715,9.686395474,7.846848752,6.768972477,8.470381075,10.0323095,10.10774436,9.316556678,10.40310787,9.884078848,6.411193155,10.19644572,9.398043774,9.318714946,8.956898098,10.89429061,9.45173035
knhb_186_Fbat398PT24.CEL,-6.687799537,7.392178361,8.010371891,7.234531344,6.835375185,9.948393433,10.20841711,7.529986449,12.04596249,9.930347584,7.233447095,9.369431428,12.15613319,11.3317906,9.542619602,8.77378027,8.230664561,11.2801866,11.52809603,4.868924662,6.227810478,9.271071524,9.681854535,11.00535805,8.027743803,10.94059103,10.38041114,10.1419747,10.94180028,9.595646316,9.15270845,6.019738343,9.688451456,7.585245994,10.38489984,7.891426947,9.979979737,11.80816661,9.35116643,8.067613962,5.658922448,8.612734815,10.96089897,10.03771562,10.67514211,9.600235845,6.303393677,8.920335528,9.935830817,10.71564744,4.65549453,10.48700101,9.795400977,10.74868666,10.11508922,9.074865339,10.19128174,9.113927033,8.91225759,10.52469548,10.65744027,7.631026471,9.443421183,5.15250324,8.019107689,6.591175667,8.686983967,9.95012242,6.078535973,6.819193928,8.847253428,9.530172944,7.653945432,8.077758362,10.70254745,11.25178067,9.469295001,10.12445354,10.25961679,6.007880847,7.403173623,6.025951602,6.34733234,10.42382982,9.801072266,9.863264498,7.475869798,6.234845298,8.375335573,10.40457164,8.740093203,9.667739832,10.81089969,10.4629884,5.579557593,9.919316497,9.824814723,10.30646268,8.96516832,11.41826441,9.760385143
knhb_187_Fbat398PT48.CEL,-7.559791925,7.297771474,8.179915349,7.682452891,6.621084631,11.04997895,11.37751813,9.987770137,8.078718992,11.22599737,8.592713442,10.26919494,10.17346298,9.87276123,9.604601342,8.417322992,7.552948624,9.595206867,9.986173706,6.25268957,6.779524048,8.83123322,6.300414319,12.38969253,7.735981885,9.464470275,11.90547026,11.85206015,12.362917,9.469904851,9.052114455,7.856442306,7.259323364,8.996816039,11.80097637,7.480551452,9.853958282,10.77720727,8.629032651,8.746382833,6.634466858,8.800126266,8.131520705,9.890711264,11.07020074,9.204729184,7.732317742,9.177898234,8.331539872,7.640454677,5.7136537,10.33059068,9.985677511,8.515015036,10.70809846,8.720511447,11.3996671,9.901727301,7.174242599,9.759807342,10.15778544,7.380439314,10.54524553,5.477151544,9.157059024,6.21926508,10.2882178,8.820822288,5.006222184,7.650705634,8.757833393,11.11027226,8.907314463,9.119448494,8.332713,11.00162178,8.791519241,8.22328637,10.14611652,7.101354322,6.669965533,7.127865181,5.642882351,8.759309197,8.78815579,9.59221333,7.580649975,6.241714364,7.223370448,10.28366259,9.87471411,10.50476916,11.15496918,10.38102982,7.27623301,10.88800344,9.944399666,9.38305093,9.038302449,10.55900357,9.164827401
knhb_237_Fbat394PT24.CEL,-6.878321443,11.21574422,11.89852103,10.9456879,10.06396513,7.102366093,7.383771667,9.711690884,10.93687154,7.805647277,7.289893996,6.864833124,11.98053268,12.00622316,9.539156339,9.566597731,8.058250679,11.6983152,11.55886236,4.62716647,8.504854588,9.634777225,9.091509022,10.83367493,8.208923152,11.59966231,10.21594758,9.692933592,10.29466322,9.665597568,8.322331891,5.910205213,9.220436705,9.644727852,10.13078809,7.643896503,9.90614108,10.9628275,9.406471272,7.672322708,5.911335242,9.025278756,10.15457696,9.345086299,11.21016747,9.799401001,6.243128501,8.397174792,9.108663485,9.959310948,3.92369798,11.45204096,9.463172324,10.63785945,10.14401523,9.345330741,10.07048285,8.622737195,8.267219593,10.31510454,10.62902383,7.805284713,9.096176509,5.408859491,10.03664273,6.311683963,8.382592409,9.441129611,5.621104652,6.993778103,8.450754627,9.419201834,9.638692755,9.954338689,9.944360738,10.76657663,9.145237853,9.019638364,11.07605367,5.549127827,8.170830676,5.622268185,8.089467235,10.1165597,9.608728546,9.575077858,7.567261793,5.774045309,7.276565341,9.609781108,8.689704333,8.601388394,10.62553112,11.37440942,5.721950764,9.356502344,10.95443532,8.670277739,9.584051337,10.92832811,8.721209647
knhb_238_Fbat394PT48.CEL,-7.64385619,10.72070142,10.62958335,11.2049597,9.61332399,8.205274905,8.804093484,8.98217446,7.570849626,8.878953803,8.886081998,7.903019326,9.434264974,8.375526958,11.24040383,10.78895812,7.931944237,8.179472788,8.973672678,6.067972652,7.593831537,10.12787443,6.572312622,12.14586644,8.438919802,8.614088798,11.40029179,11.23323224,11.92004598,8.821855083,6.391640262,6.885074047,7.198666895,10.18767217,11.40850784,8.080376569,8.425034524,9.071968638,7.79523424,6.990525492,6.823458434,9.338877973,8.782028277,8.94674807,10.13159128,8.998079971,7.193472572,6.729244153,8.101050763,8.40115715,5.887318071,10.56682554,9.701609677,10.39927886,9.159561152,8.284030292,10.60623793,8.523911328,8.802958538,11.13943182,10.2333888,9.12809209,9.038660536,5.749126021,10.58006565,6.054924469,9.392813284,7.679272853,5.729590148,7.459708439,8.368457139,10.04165024,9.833177186,10.4788373,8.827168391,9.798951438,7.959998533,7.881363124,9.953769031,8.146533559,9.226443827,6.407764423,6.7224891,8.490083328,7.960784098,7.737344102,7.989411808,6.683487019,7.505623315,9.733468957,10.20341191,9.30510598,9.966926827,10.35216487,6.836652767,9.077732134,10.02685288,7.777500564,9.634112055,9.152801779,8.102664394
knhb_247_Fbat525PT24.CEL,-6.878321443,8.800911207,11.01709719,9.196144209,8.112229675,8.486613038,8.894748462,6.350103843,9.923638108,8.647768467,8.962626408,7.780304178,11.40616227,9.883278875,8.166136857,10.82192487,8.665561959,9.806899403,9.853683325,6.973781827,6.656443029,11.04369654,7.714491245,9.512791322,7.855919045,9.140396292,8.666427075,8.528095013,9.941308406,7.974584372,6.438460965,7.888619447,8.813472072,8.214672293,8.783361687,8.675003141,8.054061659,9.483612248,6.71132722,6.206382545,7.907142749,6.81150978,9.939341232,8.071688247,9.661720224,10.29934922,8.35287873,7.627598921,8.399837883,8.616927496,6.305022791,10.99113875,8.189689649,11.86029943,7.674893259,9.374683595,8.642894973,6.524012723,8.302516072,10.43775846,8.005658723,9.469772903,6.773708016,7.61496455,9.171860479,6.504775764,7.255964637,8.233981561,6.038541209,9.057884059,7.017564087,8.023255726,8.27395162,8.336503219,9.772978241,8.483961799,7.170243442,7.650149129,10.3656266,7.540209961,6.61322066,7.94981414,6.783239408,8.120842707,8.705314542,7.803988931,8.039611053,8.213297373,7.395436309,8.689893311,8.095942643,8.74922159,8.871474375,10.55780414,6.623358539,7.470276616,10.5758382,8.204964602,9.494922969,9.01476339,8.673696543
knhb_248_Fbat525PT48.CEL,-7.673002535,10.22198558,11.78271564,10.12460858,9.162680622,8.119618812,8.728529538,7.326113022,8.578277926,8.658961151,8.182342789,8.186719113,8.609618174,8.352627072,11.20321569,9.870368728,8.239751688,8.30592223,8.788277441,5.734016935,7.106432681,9.85556692,6.126617155,12.57177482,8.104606922,8.289355759,11.90738489,11.53801256,12.18702959,7.956547388,7.413483823,6.95883029,7.385821972,9.897297302,11.79848054,8.428391034,8.360302855,9.560886048,6.554040601,6.070980035,7.1656068,8.046802707,8.558455187,9.50472944,9.18513461,9.009889783,7.505150293,6.85342339,8.014711543,7.90544647,5.616826268,10.06866384,8.624045644,9.315248996,8.328487649,8.383632705,11.6011466,7.328360236,7.285725608,9.240077452,7.97724304,8.442992225,7.326505815,6.71505415,10.52990647,6.326775561,7.580604686,7.638476444,5.571897051,7.812173859,8.499840067,8.169776498,10.00144725,10.08154082,8.875560008,8.595074453,7.164490071,7.30917533,8.949002181,7.932719439,8.380495336,6.945275823,6.826426695,8.566208334,8.901405092,8.271224198,7.884698462,7.261914674,7.590643461,9.956800831,10.74004439,8.985172556,9.24637418,9.230743444,6.60070323,8.605652747,8.903065352,8.574590721,9.292001263,8.507684627,8.248960481
knhb_251_Fbat526PT24.CEL,-7.28771238,10.34523505,11.41884087,10.12544518,9.740052857,11.6862599,11.88351773,7.045744034,10.50140083,11.63121862,9.705414432,10.65100151,10.378297,9.533222116,8.658056112,9.439378911,8.075020252,9.53853976,9.798549049,7.274460322,6.91198297,8.059752236,7.487564758,10.58645767,7.69758909,9.098697569,9.701425479,9.727240409,10.31305635,7.663433597,6.446743958,7.486189385,7.42788185,10.05867327,9.61628522,8.345170517,9.159933495,10.96669046,7.716651201,6.64537597,7.741163404,6.527797062,8.545671379,10.96291984,11.4693396,9.969255586,8.127003162,8.076448998,8.386426431,8.014004317,7.434175955,9.644299681,8.174486674,10.81402069,9.426054681,8.80195137,9.257646688,7.769072876,7.783223604,9.82359384,7.795801607,8.456010991,8.389158256,7.349472255,10.86298695,6.537990294,7.905343299,7.776061581,6.13266386,8.376709071,7.167239692,9.000395313,10.0227399,10.38415589,8.902011556,9.422727423,7.773720556,8.590693215,9.684065077,7.749693807,6.716987619,7.715212162,7.232102117,9.415188518,8.907268675,8.744824333,7.805192377,7.759652696,7.46407937,11.23980705,8.342600917,8.823159164,9.262950157,9.850179787,7.207620616,8.94861295,9.639400505,8.900804177,9.457985313,10.01995322,9.30475485
knhb_252_Fbat526PT48.CEL,-8.333516069,10.48368571,11.5341173,10.79813535,9.279157601,8.251244247,8.60210425,8.328923167,8.902411551,8.560701519,8.813168359,7.817733567,10.03047686,8.581191124,10.76937436,10.11039606,8.001561472,8.254345556,8.761565371,6.130808067,7.444503285,10.21266889,7.322184768,12.73121817,8.725288728,8.185317142,12.11733025,11.74477601,12.5431904,8.258252971,6.919981371,7.357642144,7.634410138,9.908556588,12.04799316,8.230348685,8.762866602,9.837285221,7.657184567,6.382237822,7.273193997,8.530397418,8.721313916,10.06359842,9.431718364,9.365504372,7.481434925,6.919314015,8.047884863,8.216039645,5.754473207,10.09434515,8.534950782,9.414323005,8.718379799,8.519414526,11.73671035,7.370311613,7.104850411,9.966079809,7.94649335,8.817471686,8.745750376,6.528637837,10.53987204,6.899385551,7.831608639,7.813344343,6.216257621,7.90505222,7.961832595,8.907061258,9.787323595,10.2640117,8.787562237,9.179678861,7.766116481,7.805237971,9.243952877,7.311465917,7.502379727,6.864855165,7.268030445,9.235894911,8.927700815,8.267227353,7.814990377,7.163340765,7.297061481,10.09624334,10.77330202,8.804885842,9.614284839,9.517284809,6.45805003,8.751832729,9.19137551,8.482042131,9.187109843,9.083986695,8.195504658
knhb_255_Fbat527PT24.CEL,-6.947862377,11.11711603,11.17251023,10.81787809,10.89582289,6.785723701,7.356807454,7.801139849,9.296996108,7.765074428,7.028460962,7.420728957,9.745185509,9.847378071,9.662996578,8.171774436,11.3522985,9.759160608,10.07455361,4.896076873,8.556177728,7.379808936,7.462892214,11.04891129,8.0422738,9.380451886,10.73082425,10.52837874,10.79318664,8.39345619,9.036091788,5.214851862,9.506118624,9.701434775,10.39652681,10.59762951,10.09552835,11.31733354,9.198813381,7.257046135,4.833744831,7.59365629,11.02862486,11.43924525,11.5481172,11.26817721,5.503209361,8.67355056,8.528671308,11.08147857,5.091975264,9.999689647,8.994844787,12.34006553,11.16318577,10.45095201,9.965664051,10.1586473,11.2541656,12.57921337,9.141707225,6.75286643,10.68422327,4.638967418,10.24478311,6.752308376,9.513953128,8.172648963,5.845748112,6.218559653,8.763752853,10.20457586,9.721785672,10.09565251,11.13051972,10.15221447,8.853670267,10.10181038,9.985105849,5.743716273,7.238788665,5.383878283,7.64203566,8.312209405,10.22234084,9.562705631,7.678604124,5.255907025,8.172737973,11.77127947,9.063308785,10.4356707,10.37777853,10.23847276,5.226732115,10.95909883,9.973118177,9.749417679,10.4411154,10.47030306,9.841952041
knhb_256_Fbat527PT48.CEL,-8.039784866,9.635491405,11.22223793,10.48914362,8.709489663,8.226491885,8.618890099,6.25052628,7.870364985,8.675877088,8.90866623,7.979968287,8.738501598,8.830946912,11.02713521,9.815598898,8.055041842,8.58931903,9.139667952,6.08656086,6.84707066,7.890178746,6.107948516,12.48876963,8.210578681,8.768973442,11.78002584,11.49668036,12.03715646,7.900929215,6.111083962,7.10050761,7.471954817,7.979563509,11.6722611,8.344745845,7.812616413,9.311091407,6.548874458,6.589074951,7.100688267,7.182989779,8.634361312,9.627645191,8.400194363,8.326073917,7.567516042,6.852021202,7.717367649,8.045316451,6.392458864,10.2317935,8.921317286,8.529608623,7.795464436,7.569010755,10.99736291,7.043758822,7.076968968,9.477313605,7.542063782,8.312187654,7.730768745,6.335748609,8.86130386,6.638792582,7.185787736,7.727576399,6.108878625,8.341147475,7.974221867,7.947642572,8.137502884,8.624908543,8.702208336,8.607382204,7.370487476,7.496234411,9.495624509,7.991509803,8.054426573,6.846758135,6.570761127,8.213967157,8.304257567,7.476788001,8.081453273,7.461297218,7.665253444,9.872379171,10.51789326,8.832490489,8.741365384,9.641314348,6.829511485,8.040648398,9.400182287,7.148842497,9.064846742,8.329798802,8.409031286
knhb_259_Fbat528PT24.CEL,-6.764150423,8.295773235,8.785852627,9.755135623,10.44329646,7.159482673,7.316121489,8.602041233,8.747027045,7.578023562,7.227262356,7.106536149,10.02256461,10.98063357,9.995360422,8.525417025,11.68499871,10.91815852,11.25143675,4.967320284,7.113617142,7.484519901,7.012735862,11.31357174,8.047220173,10.63730031,10.96240939,10.82678361,11.03908427,8.755304624,9.080328175,5.353028578,6.712872164,8.461442067,10.49265741,10.9909129,9.850292147,11.57216264,9.229241999,8.31906726,5.159876255,8.049944301,8.142655408,12.60601822,11.10424841,11.02570972,6.094712187,8.636631136,7.547609897,8.977817754,5.64360734,10.24215142,9.125939129,12.84896236,10.79723651,10.29796435,10.30475836,10.05207046,11.96335052,13.2599567,9.383914245,7.204922819,10.53405813,5.13079724,9.147504172,6.821454211,9.784536938,8.243200182,6.049565126,6.195672504,8.777039853,9.60460429,8.582751765,9.009673114,8.512637437,10.19931082,9.202902331,10.00721933,10.25152246,5.847082573,7.659290063,5.499320321,6.770733392,8.489158153,10.35584287,9.307738795,7.751954924,5.408142171,8.305649049,12.87143048,9.030595501,11.47843974,10.46951433,10.47237135,5.137407544,10.60600502,10.43387079,9.762121937,10.47418218,10.79767604,9.987415389
knhb_260_Fbat528PT48.CEL,-7.587272661,9.361276198,10.94070183,10.43634398,9.001700846,9.77499677,10.03263092,6.397116914,7.102440605,9.752167743,9.462160473,8.687018981,8.121684694,8.547113224,12.06617018,9.866774828,8.394179698,8.587713828,8.927952223,6.515330431,6.925601036,7.710418294,5.907067046,12.97133845,8.395712464,8.610166927,12.65682687,12.5719359,12.65715215,7.76181389,6.731110762,6.787280644,7.346121705,7.681764473,12.50307469,8.347900222,8.24547445,9.935848832,6.332068301,6.517131229,6.868057469,7.11809252,8.388224406,11.81291465,9.575962689,8.703044876,7.564575961,7.035430398,7.872611394,7.910097559,6.987121674,10.15598999,9.104334472,9.011771043,8.786490744,7.609958359,12.12704931,8.577546092,7.463209235,9.426030982,7.700865362,8.49072243,9.255126773,6.214976314,8.322922569,7.731054682,7.337176542,7.434783559,7.123600834,7.673147007,7.960729275,10.0147482,7.935907715,8.080599116,8.858289899,8.608893894,7.395181756,7.366520665,9.921284226,8.145065218,8.13113864,7.022501687,6.633488784,8.670511566,8.476587575,8.043473664,8.081284682,7.237175447,7.886546099,11.98957215,11.15322675,9.995975443,9.204763821,10.25406343,7.286267643,9.294438708,10.24670789,8.050808434,9.026773303,8.911525246,8.659484368
