,b_Fbat107PT24.CEL,b_Fbat107PT30.CEL,b_Fbat107PT48.CEL,b_Fbat107PT52.CEL,knh_102_Fbat289PT24.CEL,knh_103_Fbat289PT48.CEL,knh_490_BS0001_Fbat1070_PT24_1.Rep.CEL,knh_491_BS0001_Fbat1070_PT30_1.Rep.CEL,knh_492_BS0001_Fbat1070_PT48_1.Rep.CEL,knh_494_BS0001_Fbat1077_PT24_2.Rep.CEL,knh_495_BS0001_Fbat1077_PT30_2.Rep.CEL,knh_496_BS0001_Fbat1077_PT48_2.Rep.CEL,knh_498_BS0001_Fbat1091_PT24_3.Rep.CEL,knh_499_BS0001_Fbat1091_PT30_3.Rep.CEL,knh_500_BS0001_Fbat1091_PT48_3.Rep.CEL,knh_502_BS3416_E_Fbat1071_PT24_1.Rep.CEL,knh_503_BS3416_E_Fbat1071_PT30_1.Rep.CEL,knh_504_BS3416_E_Fbat1071_PT48_1.Rep.CEL,knh_506_BS3416_E_Fbat1078_PT24_2.Rep.CEL,knh_507_BS3416_E_Fbat1078_PT30_2.Rep.CEL,knh_508_BS3416_E_Fbat1078_PT48_2.Rep.CEL,knh_510_BS3416_E_Fbat1092_PT24_3.Rep.CEL,knh_512_BS3416_E_Fbat1092_PT48_3.Rep.CEL,knh_532_BS3416_E_Fbat1092_PT30_3.Rep_wh.CEL,knh_655_BS5009_Fbat1374_PT24_1.Repl._No.2_repeated RNA.CEL,knh_657_BS5009_Fbat1379_PT24_2.Repl._No.6_repeated RNA.CEL,knh_659_BS5009_Fbat1383_PT24_3.Repl._No.10_repeated RNA.CEL,knh_660_BS5009_Fbat1374_PT30_1.Repl._No.3_rep_cDNA_new Yeast.CEL,knh_661_BS5009_Fbat1374_PT48_1.Repl._No.4_rep_cDNA_new Yeast.CEL,knh_662_BS5009_Fbat1379_PT30_2.Repl._No.7_rep_cDNA_new Yeast.CEL,knh_663_BS5009_Fbat1379_PT48_2.Repl._No.8_rep_cDNA_new Yeast.CEL,knh_664_BS5009_Fbat1383_PT30_3.Repl._No.11_rep_cDNA_new Yeas.CEL,knh_665_BS5009_Fbat1383_PT48_3.Repl._No.12_rep_cDNA_new Yeas.CEL,knh_679_BS5254_Fbat1442_PT24_1.Repl._No.38.CEL,knh_680_BS5254_Fbat1442_PT30_1.Repl._No.39.CEL,knh_681_BS5254_Fbat1442_PT48_1.Repl._No.40.CEL,knh_683_BS5254_Fbat1443_PT24_2.Repl._No.42.CEL,knh_684_BS5254_Fbat1443_PT30_2.Repl._No.43.CEL,knh_685_BS5254_Fbat1443_PT48_2.Repl._No.44.CEL,knh_687_BS5254_Fbat1444_PT24_3.Repl._No.46.CEL,knh_688_BS5254_Fbat1444_PT30_3.Repl._No.47.CEL,knh_689_BS5254_Fbat1444_PT48_3.Repl._No.48.CEL,knhb_039_Fbat152PT24.CEL,knhb_040_Fbat152PT48.CEL,knhb_041_Fbat152PT52.CEL,knhb_046_Fbat202PT24.CEL,knhb_047_Fbat202PT48.CEL,knhb_049_Fbat203PT24.CEL,knhb_050_Fbat203PT48.CEL,knhb_090_Fbat284PT24.CEL,knhb_091_Fbat284PT48.CEL,knhb_098_Fbat287PT24.CEL,knhb_099_Fbat287PT48.CEL,knhb_169_Fbat395PT24.CEL,knhb_170_Fbat395PT48.CEL,knhb_174_Fbat396PT24.CEL,knhb_175_Fbat396PT48.CEL,knhb_180_Fbat397PT24.CEL,knhb_181_Fbat397PT48.CEL,knhb_186_Fbat398PT24.CEL,knhb_187_Fbat398PT48.CEL,knhb_237_Fbat394PT24.CEL,knhb_238_Fbat394PT48.CEL,knhb_247_Fbat525PT24.CEL,knhb_248_Fbat525PT48.CEL,knhb_251_Fbat526PT24.CEL,knhb_252_Fbat526PT48.CEL,knhb_255_Fbat527PT24.CEL,knhb_256_Fbat527PT48.CEL,knhb_259_Fbat528PT24.CEL,knhb_260_Fbat528PT48.CEL
q_RIBFLV,-6.64385619,-6.947862377,-7.930160375,-8.28771238,-7.310432456,-7.64385619,-6.13796526,-6.559791925,-8.333516069,-6.310432456,-6.615287038,-7.117787378,-6.333516069,-6.702749879,-7.310432456,-5.930160375,-6.28771238,-8.158429363,-5.673002535,-6.13796526,-7.333516069,-6.011587974,-7.265344567,-6.299027693,-6.429731384,-6.702749879,-6.454822365,-6.811978949,-9.587272661,-6.844768884,-9.965784285,-6.748553568,-8.380821784,-5.886832943,-6.265344567,-7.702749879,-5.947862377,-6.254289378,-7.895394957,-5.878321443,-6.232429944,-7.673002535,-6.532824877,-7.828280761,-8.24331826,-6.265344567,-8.587272661,-6.480357457,-6.930160375,-8.158429363,-9.587272661,-6.442222329,-8.117787378,-6.912672948,-7.265344567,-7.117787378,-7.506352666,-7.039784866,-8.078259014,-6.687799537,-7.559791925,-6.878321443,-7.64385619,-6.878321443,-7.673002535,-7.28771238,-8.333516069,-6.947862377,-8.039784866,-6.764150423,-7.587272661
YCIC_at,12.20847734,12.05408223,12.26518769,12.13605822,7.930761357,11.31755821,8.145806072,11.33136689,11.04418542,7.838184657,10.24182791,10.26827153,7.962529858,11.02945932,10.90000546,6.879748966,6.987279599,7.271899559,7.362209214,7.184598592,7.491111791,7.509980505,8.127879067,7.512429919,7.579574497,7.792692999,7.393360892,7.733608734,11.68125495,7.277678808,10.9847596,7.351882762,11.75625803,7.225171849,7.389827259,11.3300711,7.462995977,7.191448159,11.75646666,7.541265977,7.291323739,12.21804626,11.45792563,11.02216528,11.88981772,10.74775475,11.14972884,11.06674791,10.77057944,7.678629524,9.353148153,11.04757193,10.89866275,8.098996021,8.777518732,7.544044929,7.892632597,7.276847711,7.312147098,7.392178361,7.297771474,11.21574422,10.72070142,8.800911207,10.22198558,10.34523505,10.48368571,11.11711603,9.635491405,8.295773235,9.361276198
YHZA_at,11.56099513,11.84642619,11.87804424,11.08421942,8.792410126,10.93299343,8.843732578,11.777741,11.96994771,9.478869327,11.33778987,11.15753283,9.185696319,11.76258421,12.15641275,7.637787802,7.697576507,7.968126895,8.217374623,8.051365443,7.971920668,7.653310105,9.249568903,7.643454745,8.089322432,8.562979409,8.533182859,8.252526856,12.10250954,8.975086238,12.18435118,8.321307124,11.30956433,7.575942391,7.462688059,11.27874447,7.73995207,8.141965792,11.66285449,7.770606346,7.780067383,11.58980423,11.21963221,11.1373295,11.37426657,10.98721175,11.10455484,11.06264538,10.52198877,7.917207835,9.617171897,10.97328331,10.20493432,9.705300932,9.989808645,8.553872916,8.669099084,8.553337504,7.744691229,8.010371891,8.179915349,11.89852103,10.62958335,11.01709719,11.78271564,11.41884087,11.5341173,11.17251023,11.22223793,8.785852627,10.94070183
YTIA_at,11.94927789,12.10161644,11.88088079,12.25653614,8.866752558,11.10526854,9.425660937,11.25352275,12.08789622,8.590697973,10.10560106,11.34065519,9.154825083,11.14846877,11.57468708,7.215837735,7.29160752,8.066724231,7.866701643,7.635082272,7.980130464,8.090951787,8.844538427,8.458288621,8.548362956,8.810326685,7.958332371,8.442214199,11.81145387,8.819509399,11.73129146,8.536136059,11.70878823,8.058113895,8.62280664,11.42462798,7.980608679,8.296605678,11.86530716,8.141742995,8.048064218,11.84108979,10.77499038,10.44112971,11.66084037,10.67643331,11.90002116,10.69521854,11.19505749,7.924317659,10.14662623,10.92509522,11.34457848,9.224664638,9.923647409,7.422019231,8.960984721,7.558102836,7.994675938,7.234531344,7.682452891,10.9456879,11.2049597,9.196144209,10.12460858,10.12544518,10.79813535,10.81787809,10.48914362,9.755135623,10.43634398
YCDH_at,10.87844491,10.82992571,11.05042652,11.05635337,9.124364374,10.05570735,8.850631725,10.53759626,10.74874841,8.731564146,9.29520473,9.659739195,9.223163106,10.35032998,10.25857047,6.280235198,6.43868271,8.507450246,6.709719266,6.87810216,8.044767822,7.198732288,8.421419799,7.238244925,7.702190872,7.901239715,7.188118329,7.800538206,11.14139871,8.647864179,10.82113728,8.006218784,11.13510888,7.333780969,7.614061551,11.34280913,7.434857671,7.756918898,11.37568347,7.578932031,6.965989518,11.85122671,10.30240105,9.767890648,10.74705466,8.795676506,10.271994,9.909168588,9.401532031,7.224330081,8.802382719,9.840719541,9.922579118,9.72393172,8.952115664,6.945438715,8.0631958,6.952660783,7.018496266,6.835375185,6.621084631,10.06396513,9.61332399,8.112229675,9.162680622,9.740052857,9.279157601,10.89582289,8.709489663,10.44329646,9.001700846
YRBA_at,6.775804182,7.473423498,10.08397565,10.02904308,7.799226502,9.065237622,8.419113212,11.2572803,8.787584808,8.039710457,9.409056631,8.448703001,7.877184555,9.367362698,9.374554153,6.926292796,6.794174462,8.698752221,8.09192546,7.396140437,9.166172974,7.742190963,8.614135462,8.142354553,7.888126916,8.019070841,6.829731449,8.151218323,9.937960479,7.421840983,7.62893369,6.886760592,9.86962088,7.730545517,11.53910651,8.542371176,7.584566838,11.94826772,7.776577746,7.741287936,11.80474195,7.900402581,7.535052846,9.474245623,9.299950784,11.34471823,9.852920679,7.973789215,9.310033368,9.492064388,9.578130283,10.17908236,9.929463004,10.45255919,8.226794558,8.650535129,8.582576142,7.966798637,9.161991999,9.948393433,11.04997895,7.102366093,8.205274905,8.486613038,8.119618812,11.6862599,8.251244247,6.785723701,8.226491885,7.159482673,9.77499677
NADA_at,7.359904253,7.79175428,10.68066172,10.84547526,8.291827005,9.531592515,8.815971976,11.46494477,9.247999652,8.331585842,9.795758754,8.944302161,8.111693305,9.44363614,9.589823046,7.27704534,7.05075483,8.96229852,8.508960051,7.836519525,9.209112268,8.260212211,8.746178179,8.457569392,8.298059728,8.690500183,7.510349772,8.645547884,10.16583537,7.824294735,8.366340644,7.600300424,10.32259619,7.672049044,11.99914013,8.882848029,8.095827448,12.29658685,8.029347376,8.413407058,12.2587002,8.679131593,7.996168672,10.17961232,9.503605275,11.5676579,10.25215944,8.279114026,9.78250047,10.1376635,10.06464592,10.61323301,10.24437605,10.90917644,8.911302906,9.140009988,8.777877009,8.374642863,9.441798084,10.20841711,11.37751813,7.383771667,8.804093484,8.894748462,8.728529538,11.88351773,8.60210425,7.356807454,8.618890099,7.316121489,10.03263092
YRZI_r_at,9.640106742,10.07254074,9.842422059,9.736849654,7.388047891,8.50106053,9.6261839,10.51095779,10.08774905,8.3890696,8.97626297,8.645311743,9.221489906,10.21391074,9.575480701,10.98260075,11.16706293,9.626897607,9.276802922,10.22663528,8.92238041,9.913353058,8.303922936,8.743577678,9.344389872,9.017012473,9.514912298,7.991640447,9.349311886,9.281945857,9.193878502,8.915901857,9.108358955,10.02483936,8.015455848,8.44839318,9.12576339,9.134910857,9.281364831,8.914048602,8.935638109,8.631545614,8.92896515,8.065714219,8.799633062,9.081401467,8.336240752,7.932286005,7.802916544,4.736921681,5.501499286,8.241492578,8.635240011,7.259327311,8.99303002,8.045404237,6.566766906,9.644435079,8.240684965,7.529986449,9.987770137,9.711690884,8.98217446,6.350103843,7.326113022,7.045744034,8.328923167,7.801139849,6.25052628,8.602041233,6.397116914
YHFH_r_at,8.239347072,9.493301765,6.835977292,6.810026637,10.17154635,9.353401582,8.403869552,9.862275526,7.855475694,9.659533051,9.522636632,8.741736722,8.795372173,9.046321413,8.410744075,10.34270819,10.01335283,8.19146044,9.45926444,10.25589885,8.192516786,9.375712718,8.38332189,9.192200855,9.144025419,8.697092092,9.630649754,9.148486374,8.083221078,9.429174335,8.043597558,9.113631581,8.202983057,7.496835268,8.277119401,8.012300719,7.856282246,8.572280496,8.035075932,7.837122217,8.240401309,8.014178923,10.75696457,7.343525986,7.613996731,10.8371277,7.921303637,10.37995419,8.007102695,7.541584891,7.07202849,10.35393742,7.553045941,11.28901995,9.102618812,11.27688563,8.080646006,10.91613195,11.00591229,12.04596249,8.078718992,10.93687154,7.570849626,9.923638108,8.578277926,10.50140083,8.902411551,9.296996108,7.870364985,8.747027045,7.102440605
NADC_at,7.611222933,8.156743528,10.71196094,10.71087654,8.375561624,9.456883267,8.570262328,11.25247223,9.029359449,8.322260546,9.696652764,8.980021856,8.415474796,9.438296151,9.441164697,7.537725486,7.419214911,8.761552837,8.745479581,8.047155063,8.884981468,8.403277867,8.43511495,8.208956244,8.351769785,7.972230715,7.929525165,8.701204178,10.14208647,8.060331362,8.284816346,7.788829101,10.35949004,8.061328821,12.03861832,8.396590284,8.262459671,12.18101216,8.016803853,8.686616714,12.14716562,8.645881747,7.905070642,10.11583796,9.478325229,11.39014742,10.16898476,8.566457845,9.568849789,9.907173849,9.976475371,10.58629943,10.04378822,10.63967802,8.950892751,8.982298505,8.954694312,8.203325778,9.400999061,9.930347584,11.22599737,7.805647277,8.878953803,8.647768467,8.658961151,11.63121862,8.560701519,7.765074428,8.675877088,7.578023562,9.752167743
YOPF_i_at,7.404614291,7.88298102,7.560301846,8.510622574,8.544541175,7.825920297,10.24263465,5.439141714,10.07970056,8.873384849,8.98263386,8.70542534,8.342885992,6.149493339,7.880982562,5.635643324,6.154983596,6.870547845,9.018398205,8.238859783,9.529148384,9.609683353,8.805854236,10.2916293,7.759212902,7.706263821,5.25071529,8.628352349,7.997146858,7.491588515,9.160907529,7.872800322,7.908856648,9.133580742,10.05526484,9.80491775,9.821632053,9.260837142,9.533097417,9.436314764,9.611034498,8.611201262,7.981579718,8.173176291,7.423750805,8.183721332,9.038038458,8.807735997,9.296890225,7.912411062,9.835906254,7.798202868,7.705482268,8.225762559,8.428300241,6.13547572,10.58436797,6.295461703,8.364175746,7.233447095,8.592713442,7.289893996,8.886081998,8.962626408,8.182342789,9.705414432,8.813168359,7.028460962,8.90866623,7.227262356,9.462160473
NADB_at,6.774903328,7.411803025,9.793711337,9.860821739,7.470417956,8.571086234,7.849005653,10.74262534,8.216786266,7.742565127,8.613019655,8.044902258,7.48656939,8.616347909,8.454022046,7.185834111,6.985359354,8.084325065,7.745809543,7.366345302,7.989759597,7.311002763,7.203899071,7.285997248,7.412378642,7.376974793,7.100131109,7.855338179,9.442637256,7.536167897,7.618715927,7.396307544,9.435380909,7.155808012,11.11566169,7.790889475,7.326409203,11.49447401,7.501808913,7.860843607,11.47528258,7.934152486,7.055648551,8.977822108,8.771887474,10.60281729,9.401625637,7.485363935,8.526098573,9.237028802,9.142716664,9.841719945,9.055365717,10.14443103,8.003275622,8.426453158,7.714650131,7.70809224,8.423516107,9.369431428,10.26919494,6.864833124,7.903019326,7.780304178,8.186719113,10.65100151,7.817733567,7.420728957,7.979968287,7.106536149,8.687018981
YHDX_r_at,9.896658301,10.11846231,9.046650103,8.338007052,12.17155255,10.92182171,9.560039508,11.62662059,10.95303241,11.78906746,11.59901346,11.28436488,11.52473619,11.53522472,11.58166099,11.95580648,11.89492781,11.28943624,12.02146441,12.59275601,10.86034564,11.9672733,10.28652016,12.6816709,10.48701455,9.558587963,11.43000965,11.87667281,11.50021142,11.98482103,11.30725737,11.29467916,11.59507518,9.815315172,10.58877193,10.31284408,10.55251466,11.9404047,9.662074254,10.26378136,11.9719093,9.791079033,11.90011577,11.25276805,11.35399883,11.84559389,10.58716447,11.93221597,10.47192278,9.387989123,8.604432915,11.17943616,9.478904189,11.91500781,9.598791313,12.25589744,9.483765013,12.1511112,11.61404658,12.15613319,10.17346298,11.98053268,9.434264974,11.40616227,8.609618174,10.378297,10.03047686,9.745185509,8.738501598,10.02256461,8.121684694
ACOL_at,12.08934783,10.63841477,10.10309165,10.07698161,11.42173723,8.575417232,9.52638004,11.11619565,10.36531872,10.37006042,10.0538687,9.303122891,11.2287462,11.3062381,10.30846515,12.22373744,10.08107919,11.13758052,11.95282977,10.01834024,11.32336204,12.1370427,10.89567981,8.446170624,10.32578873,10.56006494,11.17278176,9.7372558,10.67825652,10.42442912,9.452606713,10.27066416,10.77565374,9.881602454,10.81044768,10.52228059,10.10487679,11.04332951,10.65911884,9.588907463,10.62859778,11.42905804,11.79648603,10.60741499,10.8766818,10.7175589,8.108144235,10.55326623,8.728021086,9.561241652,8.180270807,11.03882914,8.310697888,11.89616117,7.827442632,11.79234864,8.660697983,11.08581407,9.975372119,11.3317906,9.87276123,12.00622316,8.375526958,9.883278875,8.352627072,9.533222116,8.581191124,9.847378071,8.830946912,10.98063357,8.547113224
YXLH_at,8.736594386,8.681864741,9.399933106,8.504988268,9.637251858,12.10267687,7.308548345,9.721313546,9.845150007,9.728787037,10.29180429,11.13978401,9.342612142,9.84940488,10.50766922,9.417378527,9.507890335,9.462856299,9.656031829,10.23074344,9.780263785,8.64215419,9.104787269,9.19906605,8.04384858,8.129677689,8.478920012,9.010751916,9.425594091,9.143465042,9.137133246,8.930872742,9.368746279,8.187497956,7.957302654,8.460686548,7.829128298,8.614728484,8.458142691,7.999106373,8.706708735,8.562282948,9.747647214,11.35897519,11.69523375,10.02799371,11.43128829,9.080248962,10.84652049,9.856925804,12.16960037,10.14786921,11.74483026,9.628622353,9.024856061,9.052305984,9.500604509,8.994151692,10.61812981,9.542619602,9.604601342,9.539156339,11.24040383,8.166136857,11.20321569,8.658056112,10.76937436,9.662996578,11.02713521,9.995360422,12.06617018
YPUF_at,8.678453312,8.835665595,8.671053952,9.237192582,9.284334815,8.89659849,11.63555357,9.108135129,10.71549466,10.83593968,10.96196773,11.04153866,10.63549893,9.705300517,10.81079304,8.640352427,8.711901621,9.658047362,10.34017237,9.570915204,10.69290303,10.54084437,11.30471237,10.56197654,8.179959549,8.28586614,7.772112503,7.867043728,7.71429048,7.941980822,7.924676006,7.951137767,8.04860732,7.661435388,7.803949594,7.892705926,7.966291939,7.999902256,7.768957784,7.777192506,7.980439606,7.609377115,9.743738287,10.01823209,9.55544714,9.508907131,9.991010625,10.02042825,10.37112413,10.28469943,10.23769876,9.607623969,10.1588231,9.143166054,10.62266599,8.248511342,9.764583046,8.855804068,9.04028353,8.77378027,8.417322992,9.566597731,10.78895812,10.82192487,9.870368728,9.439378911,10.11039606,8.171774436,9.815598898,8.525417025,9.866774828
MTLD_at,9.155504953,9.612246252,9.560068998,9.314782898,7.98594655,8.280982596,8.166151896,9.063892699,8.477373196,8.130910142,8.194228607,8.247452226,8.36940825,8.319619092,8.223716341,11.65845369,10.80701166,9.917234921,10.55861013,10.1438504,9.477081717,10.31079826,9.172274731,9.274622145,10.03039034,10.69607243,10.42358809,10.4757985,11.03963269,11.4539884,10.79234093,11.27429287,10.33260566,9.951967166,9.12422377,9.958136853,10.31303678,10.37870214,9.357527137,9.550156115,9.779346459,9.463834879,8.337251323,8.899440671,8.780282319,8.673490147,8.381339968,8.069914628,8.513909057,8.413893231,8.464953087,8.147974091,8.417761055,8.233500851,8.058001667,8.588883111,7.829810951,8.41222267,8.038844982,8.230664561,7.552948624,8.058250679,7.931944237,8.665561959,8.239751688,8.075020252,8.001561472,11.3522985,8.055041842,11.68499871,8.394179698
ACOC_at,11.77600532,10.24848586,9.654464992,9.519612869,11.16134919,8.570089847,9.426973942,11.04253658,10.17040726,10.38557121,9.995470615,9.309113014,11.17498457,11.3007792,10.25100464,12.11354276,9.972079959,10.673167,11.92551228,9.842968111,11.03548858,11.77713025,10.3261009,8.651004014,10.68802789,10.63916072,11.10621163,9.435737972,10.44905088,10.01362658,8.962825656,9.26563645,10.34647046,9.611085023,10.40794011,11.32155311,9.879212726,10.92155295,10.42432696,9.390561839,9.477147109,11.25958437,11.56470458,10.21112241,10.64386542,10.42094094,8.018960341,10.21081806,8.693923339,9.318288828,8.051881456,10.81884003,8.310537043,11.67407217,7.496443088,11.72389749,9.034366135,11.1093436,9.816669685,11.2801866,9.595206867,11.6983152,8.179472788,9.806899403,8.30592223,9.53853976,8.254345556,9.759160608,8.58931903,10.91815852,8.587713828
ACOA_at,12.32412032,10.35848206,9.475664045,9.890362157,11.20320495,8.317287711,10.05420091,11.1556893,10.6034438,10.58384619,9.81021184,9.701351727,11.37147506,11.50479113,10.57920583,12.32949993,10.37492602,11.34241855,12.02780186,10.20961346,11.67026005,12.35009524,10.50144197,8.825849137,10.70378787,10.86916884,11.52175545,9.915670937,10.58135007,10.26831838,8.96475143,10.62772414,10.86094507,9.879443097,10.8960818,11.58808162,10.16695118,11.06583144,10.59816222,9.575674464,10.15803064,11.43695436,11.41220659,10.60893836,10.43485385,10.46869054,8.778633523,10.47132275,8.869716213,9.569404057,7.977149796,11.11189188,8.491049184,11.99765299,7.833677603,11.84166935,8.657406459,11.35600201,10.19095445,11.52809603,9.986173706,11.55886236,8.973672678,9.853683325,8.788277441,9.798549049,8.761565371,10.07455361,9.139667952,11.25143675,8.927952223
YORT_i_at,4.238468599,5.641318999,5.590551492,5.830079047,6.396334209,5.527843592,8.297024391,4.157519653,7.490498527,5.970042685,6.380450176,6.271923162,6.849778734,5.193891427,6.65935211,4.028331504,4.696245201,5.330019619,6.435310073,5.907897704,7.099807948,7.458911503,6.85848678,7.772078741,6.499171983,6.432818774,4.623426608,6.444564621,5.766460303,5.431594783,6.801607762,5.600182817,5.735323427,7.675157707,8.399193534,7.879855007,7.771218987,7.035584875,7.622525289,7.167624197,7.216789164,6.613599753,5.480681684,5.164872302,4.997996742,5.462748244,6.311210148,6.833141599,6.727022634,5.220367651,7.881696827,5.595349164,5.915694004,5.694765301,6.929127789,4.708460809,8.334767262,4.226781212,6.167774502,4.868924662,6.25268957,4.62716647,6.067972652,6.973781827,5.734016935,7.274460322,6.130808067,4.896076873,6.08656086,4.967320284,6.515330431
YRPE_at,9.104668271,9.259184205,9.405544248,9.269003789,6.670472994,8.541213142,7.231013191,9.051158693,8.880580095,6.933086442,7.538367577,8.014927985,6.51307515,8.560040498,8.114410698,5.764950914,6.099241762,6.355941542,6.350054177,6.275090927,6.313967173,6.550695269,6.703543851,6.665691569,6.592141255,6.561130529,6.208154286,6.362198336,9.383866862,6.351569097,8.670004857,6.130922196,9.044684601,6.654797238,6.936971261,8.451688642,6.91447341,6.718765804,9.162092401,6.566587965,6.51081761,9.308811554,8.045859743,8.09093044,9.049083822,8.188483876,8.878547032,8.002723274,7.872488377,6.572232146,7.920354483,8.023020651,8.113792421,6.415790601,7.101529917,5.838335989,6.980265875,6.392879247,6.594911763,6.227810478,6.779524048,8.504854588,7.593831537,6.656443029,7.106432681,6.91198297,7.444503285,8.556177728,6.84707066,7.113617142,6.925601036
YPUD_at,8.81565876,9.115309653,8.76531666,9.263058316,9.208522897,8.854176217,11.08405969,9.42715389,10.56154488,10.50235337,10.83548791,10.81027312,10.33141406,9.568578381,10.71190823,9.272402481,9.247049193,10.67427761,10.53786741,9.965970381,11.49575359,11.09772801,12.01071241,10.66014592,8.825493687,8.857528304,8.724062068,8.563195367,8.673283289,8.459951384,8.50236057,7.992225395,8.789584898,8.089934492,8.191786862,8.395945261,8.130744613,8.347920149,8.413882683,8.156944128,7.939875044,8.206705201,9.388429361,9.482256865,9.275840811,10.71137694,9.929821511,9.959550046,9.99030985,9.659360119,10.36830637,9.19438073,10.13238052,9.305898723,11.11048136,8.346401828,9.621833152,9.16857414,9.49325151,9.271071524,8.83123322,9.634777225,10.12787443,11.04369654,9.85556692,8.059752236,10.21266889,7.379808936,7.890178746,7.484519901,7.710418294
DEGQ_r_at,6.53894541,7.288430795,6.348049356,6.235947321,8.871624197,7.883675553,7.971779992,9.250654381,7.830911997,8.219448603,8.833166403,9.132841317,7.659542473,8.278870984,7.896300158,9.530060981,9.617178054,8.261909143,9.035189489,10.09449077,6.823622128,8.67703169,6.152433394,8.434194206,6.287273973,6.287465304,6.933923707,6.830596991,7.411753074,6.766833937,7.25934798,6.176329588,7.835269477,7.336235346,7.787580459,7.822728528,7.381710376,8.496708831,7.122934586,7.837060866,7.86772043,7.476704982,9.003512935,8.832873317,9.099663805,8.920797303,7.486256276,8.617609812,7.091947904,6.849926206,7.275440179,8.009483985,6.884054899,8.669014851,7.504092496,8.521801382,6.862096736,9.004826416,8.932569301,9.681854535,6.300414319,9.091509022,6.572312622,7.714491245,6.126617155,7.487564758,7.322184768,7.462892214,6.107948516,7.012735862,5.907067046
YXLD_at,11.40039599,11.67258628,12.86995735,13.17802955,10.79974448,13.41256122,8.932093463,11.20583824,12.04685587,10.42856074,11.00160851,12.14325939,10.21302615,11.39503574,12.1518346,10.99382872,11.90698957,11.50012556,10.4788277,11.45030281,11.34793437,10.22338217,10.9525053,11.2395294,9.959474221,9.914490936,10.13543593,10.70153107,11.51373621,10.82406809,11.52555765,10.66510105,10.9312359,10.29494448,10.33609985,10.37946244,9.75058491,10.91963219,10.24753415,9.774164638,10.88585075,10.22872197,10.63606098,12.32457072,12.7148409,10.94160468,12.97935869,10.13824313,12.22803499,10.36647351,13.71718927,10.91522702,13.01484029,10.74401232,11.52205178,10.85100531,11.38645444,11.24076771,12.56198331,11.00535805,12.38969253,10.83367493,12.14586644,9.512791322,12.57177482,10.58645767,12.73121817,11.04891129,12.48876963,11.31357174,12.97133845
YCGN_at,9.03079041,9.016224185,10.81649524,10.85913536,7.754847537,8.29263478,8.157430456,10.18925253,10.20074038,7.846720673,8.000956989,9.288300433,9.410162907,10.2539064,9.705018299,8.619448655,8.584899031,11.20249414,7.71467646,8.375701604,10.79873326,7.796529157,8.648976686,7.814708029,8.15100936,7.871070363,8.085871111,8.18184755,10.56877865,7.896941541,9.914154682,8.211767603,10.65004819,7.587091021,8.109993312,9.452609575,7.907225618,8.071438404,9.764180316,8.119061005,7.435294847,10.42027848,7.929879062,10.28953518,10.49985132,7.612809237,9.776002574,7.795004879,9.087700719,7.815324722,8.10374002,7.810813689,8.726244961,8.448934988,7.876652721,8.55315712,7.858858909,8.407122792,7.899838979,8.027743803,7.735981885,8.208923152,8.438919802,7.855919045,8.104606922,7.69758909,8.725288728,8.0422738,8.210578681,8.047220173,8.395712464
ACOB_at,11.52886703,10.04607917,9.26464027,9.483880356,10.95327172,8.266330825,9.031724174,10.54225494,9.737950491,9.969087994,9.572406741,9.18453162,10.84778067,10.94267667,9.697257856,11.69027427,9.731232629,10.02379514,11.56435855,9.665589152,11.05718221,11.64639781,9.457630496,8.353114889,10.13741613,9.528259699,10.73720292,9.143302386,10.13320474,9.591466152,8.635124674,9.35337471,10.25136141,9.399637332,10.21508839,10.98038184,9.520989884,10.00624486,9.811079832,8.085051531,9.840448917,10.87505622,11.49371771,10.135856,10.27439439,10.39998249,8.208837442,10.35851133,8.633437081,9.710913147,8.224127537,10.59285472,8.123564527,11.56729984,8.039451284,11.12940001,8.984415516,10.73226845,9.534331741,10.94059103,9.464470275,11.59966231,8.614088798,9.140396292,8.289355759,9.098697569,8.185317142,9.380451886,8.768973442,10.63730031,8.610166927
YXLF_at,10.52342224,10.93042545,12.06748384,12.3516635,9.714028679,12.64482894,8.840252235,10.80801484,11.61826713,9.778371645,10.37147112,11.40040952,9.863187583,10.8152991,11.53462484,10.46834101,11.34171677,10.9031912,9.90812684,11.0346206,10.88480812,9.692935612,10.04917121,10.66068139,9.181707346,8.887132793,9.603090408,9.908141384,10.79757357,10.15428101,10.67682318,10.28754671,10.43807456,9.89723172,9.892231623,9.611994533,9.412207667,10.35168037,9.79355153,9.298107205,10.44185611,9.77651576,9.948485624,11.48098516,11.94733264,10.37062985,12.37362934,9.39940643,11.55673683,9.343761476,13.06403894,10.10596314,12.43939004,10.25253617,10.3404244,10.57579382,10.53019711,10.9740921,12.01757735,10.38041114,11.90547026,10.21594758,11.40029179,8.666427075,11.90738489,9.701425479,12.11733025,10.73082425,11.78002584,10.96240939,12.65682687
YXLE_at,10.69267274,11.05498867,11.93008975,12.20046974,9.562886797,12.44996786,8.467613421,10.40634498,11.28665421,9.499170166,10.02552183,10.92627066,9.537566403,10.64569882,11.265205,10.23537565,11.09014069,10.7435383,9.477714691,10.55844339,10.51344009,9.50313392,9.987074504,10.29496169,9.043389046,9.090825259,9.113153474,9.503471687,10.70257729,9.94930587,10.54533949,10.06474211,9.951364753,9.607617578,9.557618108,9.34627224,8.855597879,10.09179815,9.467548394,8.590814145,10.11703378,9.386813892,9.716491208,11.1962574,11.54219018,9.946500131,11.87048688,9.280189185,11.08881957,9.730017547,12.72864282,9.748752628,11.97409066,9.92838236,9.906954554,10.36019076,10.49728466,10.65184934,11.80105238,10.1419747,11.85206015,9.692933592,11.23323224,8.528095013,11.53801256,9.727240409,11.74477601,10.52837874,11.49668036,10.82678361,12.5719359
YXLC_at,11.34187512,11.60841604,12.84379972,13.11660955,10.55015822,13.19267387,9.396520832,11.17305329,11.80180373,10.20226985,10.69770229,11.69522891,10.4733723,11.46316578,11.9487209,10.81727152,11.75511494,11.32341874,10.30857133,11.30058138,11.36570521,10.17036865,10.74439025,11.14385713,9.486507284,9.689489988,9.50258226,10.32926905,11.27867955,10.5409556,10.96761689,10.31200485,10.37932191,10.15583047,9.983702473,10.34130864,9.836154828,10.64902481,10.08518151,9.559563531,10.68024916,9.935535896,10.53914875,12.22645193,12.51005248,10.68700612,12.8142673,10.26008056,12.04824921,10.16897723,13.51408717,10.62133059,12.88792802,10.50203213,10.8892812,10.83338654,11.46773209,11.28784506,12.49024925,10.94180028,12.362917,10.29466322,11.92004598,9.941308406,12.18702959,10.31305635,12.5431904,10.79318664,12.03715646,11.03908427,12.65715215
NDK_at,10.0176646,10.27213773,10.34260329,10.15256921,9.070270559,8.698653219,8.79683957,10.30437476,9.712424535,8.759063122,8.68105837,8.990715089,9.996932874,10.08706357,9.334918792,10.23066919,10.33032027,10.87177127,9.085509395,10.12198479,10.16936097,9.429285442,9.37422089,8.899457507,9.579393125,9.454520343,10.19320178,9.565208371,10.45515538,9.998221187,10.42272763,10.15904474,10.86810566,7.506263876,6.475689242,7.60880746,7.559684022,7.643045916,7.993682732,7.196823019,7.522842705,8.571281703,9.669310513,9.249239807,10.01369791,9.291970435,9.745016064,9.232662501,8.620381083,7.434543822,7.568635953,9.091101622,8.65058179,9.236800113,8.483392017,9.45733132,7.758629307,9.122457586,8.931331745,9.595646316,9.469904851,9.665597568,8.821855083,7.974584372,7.956547388,7.663433597,8.258252971,8.39345619,7.900929215,8.755304624,7.76181389
YQGN_P_i_at,8.828217869,9.239281095,9.176699376,9.018859593,6.903905627,7.374736872,5.644339439,8.453608908,6.987855736,7.56232661,6.753751814,6.386953574,7.410442766,8.156389132,6.504753309,8.941239636,8.830893457,7.423289281,7.697141961,7.992022037,6.538852517,6.906049432,6.331223734,6.596400911,7.750377829,7.777273305,8.813629374,7.86135313,8.058904002,8.849770516,7.943019117,8.842859971,7.904882856,8.17295808,6.896341339,7.415209673,7.62479042,8.035756776,7.90266916,6.976419094,7.330244911,8.466129429,7.61048444,6.741108556,7.0908751,7.412944849,7.445529343,6.628131672,6.699021598,5.818030145,5.731764059,7.482600864,6.821488289,8.901860617,6.723632101,9.408216861,6.370041721,9.147180904,8.539046632,9.15270845,9.052114455,8.322331891,6.391640262,6.438460965,7.413483823,6.446743958,6.919981371,9.036091788,6.111083962,9.080328175,6.731110762
YORN_i_at,5.554579284,6.383262243,6.501624506,6.324206854,7.308006669,6.492760644,9.506425805,5.243006536,8.318672563,6.807799962,7.03543999,7.173562151,7.452249195,6.18613439,7.864286758,5.591804468,5.749180665,6.805497409,7.677838455,6.897396022,8.182263154,8.459368778,7.744977142,8.727544458,8.371627751,8.149944655,5.64621597,7.289634118,6.394031844,6.243844152,7.856723499,6.227210644,6.604167502,7.801626202,8.518337809,7.958394988,7.812307214,7.390579409,7.824260921,8.015305959,7.855332406,7.220287774,6.337597996,6.059710255,6.062152939,6.281370811,7.010378073,7.831544672,7.469918434,7.293833686,9.101963104,6.577064209,7.355816915,6.539464496,8.496008465,5.534356695,7.916219942,4.821929728,7.305185983,6.019738343,7.856442306,5.910205213,6.885074047,7.888619447,6.95883029,7.486189385,7.357642144,5.214851862,7.10050761,5.353028578,6.787280644
ARGF_at,8.566323461,8.014826432,8.353622315,8.258178817,9.325425276,8.86354392,7.479262534,8.336685024,7.453771348,8.268891225,8.001230681,7.584953854,8.510163818,8.494405131,7.540092465,7.500901802,6.53066602,8.265081025,7.648698815,7.079041469,7.87337267,6.832524986,7.556289995,6.401664657,7.293870499,7.75336596,7.704157726,7.365839034,8.055679834,7.860038648,8.23953017,7.657348355,8.048774725,7.778353133,7.315091597,7.815323939,6.942042811,6.750539463,8.078927961,7.199137464,7.32667351,8.111149584,8.953875317,8.33494244,8.603128636,9.267161481,7.897625118,8.430455759,7.542290151,9.780789291,11.09143033,10.2478751,8.219965003,10.14704634,8.07761799,10.47398128,8.670117999,10.13724837,10.31049192,9.688451456,7.259323364,9.220436705,7.198666895,8.813472072,7.385821972,7.42788185,7.634410138,9.506118624,7.471954817,6.712872164,7.346121705
YTGD_at,8.673137596,9.64828893,10.62967411,10.74937328,8.47604601,10.24757546,7.075596208,8.263854163,8.44574231,7.864942067,7.778196644,7.807414247,7.677284429,8.463279638,8.705531825,7.345576459,7.31915045,8.078632449,7.238077155,7.21178086,8.162971138,7.310334522,8.357144651,7.440606776,7.356992484,7.425669674,7.644631341,7.506013327,9.117765364,7.624579467,8.591611537,7.492750338,8.501021473,7.472352747,6.988716922,8.765395832,7.783218691,7.33187621,8.831072582,7.106617091,7.368573202,8.582053382,8.51543462,9.018057027,9.367000989,9.753430423,10.99236018,7.743028146,9.225899236,8.046623899,7.890241576,8.44923153,9.460987538,7.772249422,7.350694646,7.900764949,7.628964038,7.629501059,7.693359274,7.585245994,8.996816039,9.644727852,10.18767217,8.214672293,9.897297302,10.05867327,9.908556588,9.701434775,7.979563509,8.461442067,7.681764473
YXLG_at,10.54657619,10.88901077,12.17992642,12.43640845,10.17506535,12.73760581,8.47959216,10.64914232,11.34638451,10.03038204,10.65525633,11.49210646,9.973357894,10.80915638,11.67761861,10.26855219,10.965502,10.70336604,10.12072897,10.91361667,10.66553148,9.668540432,10.20790342,10.32562161,9.325167217,9.178319431,9.392460277,9.930833106,10.68818531,10.27881977,10.67408662,10.21906479,10.28882364,9.876234446,9.810017852,9.695311439,9.370570796,10.25790756,9.748218696,9.367511448,10.23587387,9.731504765,9.98904988,11.62254559,11.84241339,10.29147561,12.32884095,9.505163756,11.70657378,10.03954644,13.1393762,10.33302078,12.44750717,10.22384057,10.57964078,10.56001972,11.24624836,10.80612625,11.97602387,10.38489984,11.80097637,10.13078809,11.40850784,8.783361687,11.79848054,9.61628522,12.04799316,10.39652681,11.6722611,10.49265741,12.50307469
MTLA_at,8.464753519,9.143575443,9.042179523,9.048431646,8.148706693,7.95033807,8.200803189,8.662356727,8.160054188,8.210925988,8.143533993,8.229883499,8.23101953,8.280851628,8.183292897,11.03731028,10.24524731,9.768370757,10.08124051,9.7392765,9.566097762,10.10029334,9.045184811,9.130525574,9.643385623,10.210076,10.15425366,10.39673699,10.76846907,10.96193994,10.82285219,10.77867952,10.09455353,9.634466743,9.221668906,9.7698363,10.19301219,10.24556789,9.262581584,9.372081683,9.649840618,9.396435545,8.462686669,8.786132758,8.489445078,10.92141092,8.270517627,8.287927856,8.317604918,8.658589152,8.544288896,8.135117579,8.268559781,8.128643211,8.499409146,8.115412091,8.054165666,8.127373206,8.10363439,7.891426947,7.480551452,7.643896503,8.080376569,8.675003141,8.428391034,8.345170517,8.230348685,10.59762951,8.344745845,10.9909129,8.347900222
ETFB_at,10.59985991,10.11299519,3.530039379,9.867325705,9.657681489,9.84707792,8.254232596,10.12927085,9.174505614,9.545035963,9.469936614,8.778858763,9.777336671,9.969297101,9.306868596,10.3867838,9.958965012,9.178796949,9.660656081,9.44159919,8.823417558,9.571075395,8.113714958,8.669053424,9.303783704,9.082305826,9.84886889,8.759820497,9.107719837,9.578547164,8.612507039,9.796133024,9.048391201,9.570917469,8.454753534,8.916253512,9.185825747,8.988955174,9.032309515,9.04804847,8.979912631,9.065683194,10.16692919,9.53498837,9.858310286,10.11994324,8.897504435,9.683420416,8.505935585,8.260829733,7.971838776,9.84843048,9.146613034,9.932823248,7.974578985,10.26043418,7.747828295,10.1946657,9.782190525,9.979979737,9.853958282,9.90614108,8.425034524,8.054061659,8.360302855,9.159933495,8.762866602,10.09552835,7.812616413,9.850292147,8.24547445
RAPA_at,11.24832786,10.78297113,10.56577555,10.26599443,11.09735587,11.03029271,9.635032891,11.06583073,10.32518913,10.89884485,10.79076245,9.632952464,11.05107967,11.09824897,10.14541865,11.51344215,11.07660877,10.51695074,10.85308096,10.89823236,10.52760051,10.92174497,9.475005449,10.20068869,8.761826664,8.214022079,9.204805318,8.046388261,9.53042312,8.656391191,8.555896308,8.85285161,9.636021056,10.11087915,8.819831164,8.854888545,9.63467871,9.26092604,9.541730287,9.429350459,9.305325645,9.798854146,11.14612632,9.948392325,10.02763445,11.48089658,9.695302718,11.07536401,9.070900971,10.76269379,10.49434031,11.20652783,9.878171172,11.74598434,9.144289398,11.79596221,9.563144472,11.90296084,11.72343009,11.80816661,10.77720727,10.9628275,9.071968638,9.483612248,9.560886048,10.96669046,9.837285221,11.31733354,9.311091407,11.57216264,9.935848832
YPSB_at,10.0166508,9.789166949,9.891574128,9.204195485,8.450152371,8.35101712,7.853067235,9.726845373,8.849607895,7.475671631,7.625426934,7.425423029,8.985848864,9.762349959,8.704429499,9.866780516,9.922618678,9.631666206,8.205636809,9.37553836,9.017150627,8.673731979,7.748238892,8.496943756,9.131759462,8.478101819,9.475696931,8.878998096,9.403600752,9.309410648,8.965979412,9.524529684,9.322841771,9.44137228,8.683054487,9.181669173,8.678000636,8.879204371,9.223724596,8.180947444,9.057962293,9.323868834,9.104030168,7.210508177,8.83892299,8.705237437,8.040621445,8.562226538,7.208666496,6.352172632,6.897683915,8.59938376,7.803985192,8.961454395,7.259361527,8.987891294,6.676401128,9.279451426,8.791620876,9.35116643,8.629032651,9.406471272,7.79523424,6.71132722,6.554040601,7.716651201,7.657184567,9.198813381,6.548874458,9.229241999,6.332068301
GUAB_at,9.035920377,8.709489659,8.713414204,8.783243349,6.774404406,6.958885668,7.468459863,9.319901353,8.25893117,6.779555841,7.264360169,7.556695262,8.361891073,8.615991726,7.961964322,9.58378499,9.945333327,8.332787305,8.100186988,9.491058266,7.840787047,7.916407118,6.744612682,7.799837201,7.119639417,6.22312563,8.619183905,7.633977401,8.144473199,8.529004445,7.842151047,8.800713723,8.305617982,8.923605664,9.436169226,7.906995367,8.59697124,9.830946081,7.751081102,8.618976998,9.71415151,8.444254476,7.483334606,7.971492523,8.516892476,7.104526324,7.57547793,7.430492035,7.029617733,6.493980848,6.800609408,7.614556857,6.889637887,7.732893989,6.685948505,7.974998861,6.352581735,8.085916288,7.364880474,8.067613962,8.746382833,7.672322708,6.990525492,6.206382545,6.070980035,6.64537597,6.382237822,7.257046135,6.589074951,8.31906726,6.517131229
YOQP_at,5.528643249,6.474408592,6.083093877,6.673308626,7.202545977,6.419035863,8.867469143,5.613816992,8.037112395,6.737150417,7.0881018,6.819100227,7.373942483,6.134555054,7.493802513,5.487294735,5.417779083,6.534365919,7.392091388,6.733607039,8.101885245,8.348667124,7.573528935,8.512017448,8.453748371,8.02050552,5.851349412,7.506239255,6.385278504,6.502513873,7.817112316,6.257590623,6.509366571,7.188072543,8.268756161,7.810843919,7.595895481,7.301486006,7.679851618,7.550955049,7.622826603,6.872617631,6.463707401,6.260962892,6.005109381,6.209414113,6.916723193,7.68438043,7.333804618,6.837801938,8.847362144,6.483309318,7.189476435,6.674189765,8.579885737,5.100491892,7.93256109,4.638941413,6.535302802,5.658922448,6.634466858,5.911335242,6.823458434,7.907142749,7.1656068,7.741163404,7.273193997,4.833744831,7.100688267,5.159876255,6.868057469
YOCH_at,8.742830429,9.095259341,10.00265047,10.02262987,7.053406473,8.013933591,7.766087423,9.586059888,9.762839211,7.369202754,7.547974071,9.053913108,8.288285861,9.387189232,9.415706491,9.203022981,9.317517031,8.195934909,7.810712055,8.494623534,7.35479377,7.567234046,6.733880843,7.29555496,8.571920614,8.312116277,9.349094642,9.010211413,8.166812146,9.135591953,8.00953435,9.3363943,7.566191805,9.2051423,7.237409209,7.782396713,8.142008255,7.749528441,7.923855875,7.831786624,7.57626686,7.890889537,8.087006239,9.550125421,10.46639084,7.251036988,9.589752695,7.83938358,8.392434159,5.742691872,6.500139056,7.09489293,8.522110151,7.93374061,7.975971743,8.464312512,7.315507426,7.332392164,8.97114098,8.612734815,8.800126266,9.025278756,9.338877973,6.81150978,8.046802707,6.527797062,8.530397418,7.59365629,7.182989779,8.049944301,7.11809252
CARB_at,9.689536865,9.058026085,9.380167459,9.327897602,10.29816014,10.05171405,8.665275034,9.562885433,8.897592535,9.556618548,9.273101139,8.891460468,9.65773248,9.563467922,8.829815933,8.459335365,7.848211995,9.325806915,8.9461458,8.222012569,9.010797124,8.2112432,8.888846224,7.710995923,8.16140418,8.752730993,8.962154342,8.521542336,9.386156502,8.816418231,9.231173935,8.872667407,9.431302002,9.002569455,8.484059098,9.015362379,8.455873992,8.090171092,9.211190956,8.64605059,8.511142572,9.26323138,9.88022698,9.425298209,9.531809208,10.22620134,8.913271855,9.806568346,8.594547266,11.14152856,12.15519508,11.39874062,9.435062732,11.20438708,9.131861028,11.44216382,10.04242639,11.2537283,11.22187031,10.96089897,8.131520705,10.15457696,8.782028277,9.939341232,8.558455187,8.545671379,8.721313916,11.02862486,8.634361312,8.142655408,8.388224406
PURC_at,10.3027133,9.874410998,9.94711844,9.453833046,9.169650144,9.694064386,8.280877742,10.00975969,8.814100805,7.646472306,7.922578583,8.217236681,9.386765926,10.02070916,9.03205266,10.75211061,11.02280966,9.866503976,9.78078735,10.87415658,9.981465702,9.975738386,8.428940632,10.34239685,8.576624643,8.703303411,9.344581041,8.721052515,9.929589499,9.582259083,9.085857122,9.803728867,9.824242731,10.33207741,9.200824744,9.133725351,9.821840326,9.518210536,9.849670319,10.47447313,9.011069944,9.682164869,9.722920863,8.235716874,9.60477094,9.682234472,8.427653285,8.724562512,8.400493431,10.12946789,10.64525715,10.95335565,11.06272637,9.800198969,8.052767996,9.765163246,7.935110504,10.30903148,10.00391119,10.03771562,9.890711264,9.345086299,8.94674807,8.071688247,9.50472944,10.96291984,10.06359842,11.43924525,9.627645191,12.60601822,11.81291465
AHPC_at,11.7513188,11.56778231,11.34007062,11.32232074,10.04783342,10.4038714,11.04568439,11.53671523,10.7856595,10.44520196,10.48743541,9.570840198,10.9299584,11.12945595,10.50095626,11.3106236,11.2128307,11.43117536,11.02263425,11.12890585,11.437413,11.34544987,10.07957802,10.12468776,10.28931183,10.47218396,11.01809876,11.18342096,11.99529731,11.43912712,11.46295457,11.69213464,11.62184098,12.10438886,11.71912559,11.53754987,12.02884917,11.77079224,11.75730486,12.02969199,11.79159237,11.87748231,11.22353368,10.49051824,10.24082615,11.66856746,11.29888149,10.74037503,10.15107763,7.922895346,9.268235091,10.91206679,10.58045226,10.55060955,8.266649847,10.2431216,8.142667331,11.38092441,10.47468992,10.67514211,11.07020074,11.21016747,10.13159128,9.661720224,9.18513461,11.4693396,9.431718364,11.5481172,8.400194363,11.10424841,9.575962689
GAPB_at,12.28371373,11.78522401,11.43001277,11.26054483,10.53835635,10.78501451,10.88439765,11.16309273,10.09806601,10.33571454,10.47946895,8.682048708,10.85738354,11.02727468,9.78691305,10.68610351,10.704964,8.852474242,9.846623646,10.22513876,8.41490177,10.14180529,8.357685986,9.927125285,9.985895756,10.11571887,9.982142519,9.296012692,8.776823943,9.741605675,8.350178159,9.774900114,7.894734467,10.25341217,8.850926765,9.622674892,10.22272722,9.489534757,9.129645483,10.19129063,9.539697219,9.32977358,11.59578632,10.11405018,10.31867961,10.61616825,10.49076278,11.18483617,9.714425194,8.159668678,8.99837719,9.877312308,9.72863435,9.337009222,8.701265826,9.299357983,8.44128099,10.34281266,9.054082788,9.600235845,9.204729184,9.799401001,8.998079971,10.29934922,9.009889783,9.969255586,9.365504372,11.26817721,8.326073917,11.02570972,8.703044876
YOPG_i_at,6.322321951,6.877714616,6.445747018,7.581743838,7.674770454,7.037825498,9.234160251,5.443594891,8.838758155,7.550460158,7.617290775,7.520673464,7.731894604,6.113634067,7.285239132,5.864684878,5.946619354,6.774687262,7.709740648,7.12580957,8.328816884,8.534795654,7.98028078,9.045920949,8.455607533,8.241738856,5.898635262,7.674618547,6.984815901,6.697999905,7.943471128,6.629031123,6.987234029,8.153361602,8.279188121,8.511204686,8.410647054,7.77975046,8.295316049,8.123944198,8.251354434,7.53587803,6.762930424,6.77943809,6.569365548,7.041335938,8.087407658,8.468281606,8.177303058,7.571559339,9.580690471,7.104335375,7.625771925,6.803046356,8.935193596,5.882839477,8.272420119,5.401286823,7.420183665,6.303393677,7.732317742,6.243128501,7.193472572,8.35287873,7.505150293,8.127003162,7.481434925,5.503209361,7.567516042,6.094712187,7.564575961
YOEB_at,9.476304916,9.305904417,8.587648997,8.285246091,8.03628663,7.627104056,7.959663857,9.819075893,8.964400481,8.016878205,8.391867124,7.473195176,8.744681989,9.547474783,8.527340013,10.23163643,9.844712415,9.460880129,8.810787832,9.242959434,8.195054803,8.918702478,7.038795864,8.614687318,8.251524049,8.502420818,8.797423511,8.20655261,10.53936576,8.927654856,9.603771703,8.930817795,9.567629339,10.27113488,9.446673512,8.76704532,9.639556783,10.03690013,9.145790673,9.238081418,9.396204984,8.753963977,8.400259525,7.607899154,7.431482086,9.923670705,7.402552638,7.696047518,7.40957611,7.654588725,7.340372383,8.306587337,7.558643178,8.219346993,7.584491948,8.640594004,7.442484526,10.39152704,7.956125914,8.920335528,9.177898234,8.397174792,6.729244153,7.627598921,6.85342339,8.076448998,6.919314015,8.67355056,6.852021202,8.636631136,7.035430398
BGLS_at,9.889366705,9.212604943,9.017935988,9.484613881,9.639333129,8.509968122,9.150767784,10.00575776,9.20995071,8.670249359,8.552040603,8.641545533,9.720986995,9.878089954,9.09238782,10.30955288,9.852692202,8.800357588,9.194517302,9.249390016,8.548870329,9.763573673,7.420626466,8.287543059,10.98831341,10.25560882,11.35968224,10.58745691,9.828841678,11.10796371,10.0335786,11.43503631,9.984882539,9.607196153,8.927397381,9.255054819,9.218385086,8.948810693,8.712947774,9.141941584,9.101318897,9.255168735,9.327704151,9.250419386,9.508264492,9.197883663,8.168089659,9.164485617,8.129689479,8.052854893,6.365725387,8.654263371,7.770900774,9.550070117,8.068292472,10.25579801,8.196852281,10.09084974,9.137351121,9.935830817,8.331539872,9.108663485,8.101050763,8.399837883,8.014711543,8.386426431,8.047884863,8.528671308,7.717367649,7.547609897,7.872611394
ARGH_at,9.642682328,8.942812785,9.121929906,9.32537273,10.11106663,9.186939192,8.375429021,9.493567508,8.281259706,8.793854795,8.759939582,8.058699387,9.569659738,9.564442685,8.569611019,8.693478518,8.408461909,8.908325846,8.606382727,8.280103224,8.461360774,7.823898901,7.50887152,7.379966618,7.793845398,7.637458905,8.814699106,7.901159627,8.960723034,8.880230023,8.910611535,8.967030353,9.076355699,9.073883505,7.635001709,8.67826857,7.946492706,7.345646965,8.55959658,8.124136128,7.820026041,8.879928671,9.855550924,8.569325696,9.382307092,9.74858235,8.353273083,9.437140668,7.600480746,9.964566927,10.26172166,10.74403918,8.827609324,10.80843669,8.34680141,10.92849811,8.961633072,10.85509996,10.83409311,10.71564744,7.640454677,9.959310948,8.40115715,8.616927496,7.90544647,8.014004317,8.216039645,11.08147857,8.045316451,8.977817754,7.910097559
YOPY_i_at,5.265565671,5.228675975,5.318195661,5.44102284,6.041872385,5.481541855,7.662114678,4.467192592,7.611654745,6.125507947,6.834179354,6.490284039,6.989063778,5.551199885,6.654459596,4.81241751,5.021813275,5.49302011,6.553064373,5.926875523,7.50774849,7.326059621,6.305229317,7.800231941,5.97052287,5.896436078,3.950071322,6.311960324,5.75252258,5.404647279,6.289301915,5.652740744,5.46085973,7.21854457,7.088732204,7.178386473,7.214911129,6.524895495,7.432631445,6.823495159,6.811997225,6.001417994,5.160646188,5.201753911,4.887354938,5.660769271,6.528080691,6.662046213,6.57633324,6.021980187,7.364262843,5.470330465,5.88358548,5.992762116,6.14935061,4.119498939,6.820584528,3.770127847,5.893977482,4.65549453,5.7136537,3.92369798,5.887318071,6.305022791,5.616826268,7.434175955,5.754473207,5.091975264,6.392458864,5.64360734,6.987121674
XLYA_at,10.54994562,9.615416155,10.0756604,9.997439653,10.00260169,9.587896159,9.238969776,11.42163693,10.53196342,12.06554873,11.46009857,10.36018465,11.60138776,11.21558751,9.404758006,10.64503823,10.56125666,9.195425098,12.2866737,9.574493551,9.31771169,9.893570412,9.588097275,9.308639475,9.09561776,9.307128345,9.398336008,9.080510598,6.495994457,9.331532401,8.592042708,9.54384421,8.511000937,10.74558059,9.909786819,9.087923708,10.72722506,10.24031434,8.948793768,9.768635388,10.61724268,9.064326372,9.485093862,9.335913343,9.328064064,10.38313618,9.92180555,10.01156623,10.06073067,7.887325003,7.868855493,10.04856143,10.01452718,11.10534137,9.417598018,10.41591666,9.324653711,9.99922108,9.911902569,10.48700101,10.33059068,11.45204096,10.56682554,10.99113875,10.06866384,9.644299681,10.09434515,9.999689647,10.2317935,10.24215142,10.15598999
YCGO_at,9.788962304,9.724056225,11.31463708,11.40574423,9.134381229,9.428731471,8.57859775,10.53082911,11.06358147,9.07571129,9.086810057,10.14805177,10.57783262,10.83097145,10.52164768,9.64293359,9.706968094,11.62120835,9.088147933,9.639447688,11.77851121,8.638205158,9.831726693,8.199934343,8.703469733,8.084990502,9.218122231,8.809905443,11.00328915,9.371088776,10.65186402,9.469049919,11.0316503,8.823249435,8.470074206,10.37576097,8.888866241,8.980848369,10.17113655,8.7315879,8.409417927,10.80729526,9.243884448,11.01965512,11.09270168,8.539782204,9.937637656,8.363653013,9.266730071,8.984684682,8.939364854,9.325369699,9.573750097,9.95406963,8.556033728,10.15289929,8.46766581,9.920729937,9.642016064,9.795400977,9.985677511,9.463172324,9.701609677,8.189689649,8.624045644,8.174486674,8.534950782,8.994844787,8.921317286,9.125939129,9.104334472
GSIB_at,9.784692132,9.90571387,9.601339834,9.879730976,9.874696297,9.024523072,9.829868387,10.64516125,10.18400939,9.939087622,9.540401499,9.492904483,9.850866494,10.14806846,9.831601443,10.58458063,10.74836641,10.61130375,9.825159841,10.30061391,9.483890594,10.15183447,9.627204821,10.28684895,11.76710558,11.63345387,11.64380654,11.53061487,10.56146117,11.42758161,10.78358617,11.33895316,10.38391004,9.632789867,9.613375166,9.435767366,9.67761187,10.10332436,9.693493361,10.02135473,10.00255334,9.871655157,10.21012332,9.720785868,9.979128269,12.67807509,9.588615547,9.391952322,9.040775589,8.372371786,10.74498669,9.604948521,11.83262308,10.47828475,9.922017262,10.58384201,8.575966072,10.76370866,9.750896454,10.74868666,8.515015036,10.63785945,10.39927886,11.86029943,9.315248996,10.81402069,9.414323005,12.34006553,8.529608623,12.84896236,9.011771043
PTSH_at,10.69876658,10.78462384,10.97602612,10.81582941,9.656880118,9.69297777,9.032731143,10.74802459,10.54042935,9.616351086,9.620927098,9.294783588,10.54968874,10.31014892,10.15478308,10.77482416,10.77672392,10.84494097,9.785011461,10.45048788,10.95487018,9.587121377,8.855960391,9.629882069,9.57236279,9.234618228,10.40137825,10.05966623,10.81459642,10.50500416,10.38877085,10.60751526,10.73376635,10.9382926,9.920245679,10.76742745,10.56021595,10.15012309,10.75403485,10.03715387,10.23258953,11.35301826,10.32246385,10.04504519,10.50541618,9.982562878,10.32099819,9.949754836,9.081026333,7.21347736,7.947846283,9.607441753,9.697203868,10.2453006,7.53208402,10.64605832,8.177868157,10.85588884,10.12845076,10.11508922,10.70809846,10.14401523,9.159561152,7.674893259,8.328487649,9.426054681,8.718379799,11.16318577,7.795464436,10.79723651,8.786490744
YTCF_at,11.01403832,11.03178604,10.47282349,10.22024363,9.846514013,10.45438687,8.909191714,10.65503175,9.268458523,10.02026711,9.927586647,8.425168074,10.03638151,10.4949587,9.095449402,10.31407386,10.15830219,8.452318347,9.530240387,9.811853169,8.055793523,9.282231227,8.044817114,8.918399605,9.031158553,8.981245767,9.552839048,8.684239733,8.335530688,9.444418235,8.209774871,9.090261621,8.010838289,9.535954213,7.975833288,8.677555672,9.403361313,9.000142673,8.547224703,9.075549758,8.762724965,8.1871385,10.9076724,9.240521796,9.684890711,10.45410161,9.498734902,10.54368597,8.95739735,7.121337831,8.021923109,9.400391708,8.892927758,8.607669175,7.806785411,8.968751224,7.299037337,9.9178038,8.476432261,9.074865339,8.720511447,9.345330741,8.284030292,9.374683595,8.383632705,8.80195137,8.519414526,10.45095201,7.569010755,10.29796435,7.609958359
SIGY_at,9.856825013,10.70140606,11.05955894,11.19177297,9.422360835,12.12690545,8.698024918,10.28288436,10.85891872,9.40349313,10.20389964,10.80515661,9.267745227,10.5487527,10.8335232,10.16362686,10.85579221,10.39106292,9.417112159,10.79564678,9.909756575,9.28509999,8.852027037,9.947505659,9.039694871,8.835142879,9.051977508,9.529909995,10.4701189,9.865026015,10.32503229,9.82126104,10.13077167,9.200810586,9.444301173,8.891665351,9.057073147,10.19358372,9.15208336,9.419041487,9.721529542,9.607938057,9.70323011,11.27983725,11.40550952,10.2108083,11.67938155,9.136369524,10.77458658,8.697212418,12.43510696,9.64980267,11.68616109,9.677120835,10.26803496,10.03554871,10.10477363,10.6582374,11.63920518,10.19128174,11.3996671,10.07048285,10.60623793,8.642894973,11.6011466,9.257646688,11.73671035,9.965664051,10.99736291,10.30475836,12.12704931
RPSF_at,9.444762779,9.589065285,9.915345599,9.757577429,7.997209896,8.630354628,7.24136967,9.339206702,8.865566429,7.599035756,7.645201631,7.643951162,8.689896455,9.281575284,8.349150659,9.500614907,9.761364052,8.996901813,8.006998436,9.247763568,8.560885903,7.692036326,7.206847178,7.974555908,7.533008307,6.233236018,8.758821115,8.938859053,9.486549444,9.494454622,9.133354856,9.834829218,9.198169798,9.268903232,8.915331294,8.861405689,9.311235773,9.204976665,9.240497032,9.129692285,9.157835694,9.726625881,8.572113627,8.451896941,9.249656895,8.093846777,9.041674292,7.717419186,8.007084136,6.913057119,7.865152576,8.263453678,9.006259186,8.816937432,6.897688433,9.381980461,7.562816957,9.376527945,9.191758553,9.113927033,9.901727301,8.622737195,8.523911328,6.524012723,7.328360236,7.769072876,7.370311613,10.1586473,7.043758822,10.05207046,8.577546092
GSPA_at,8.612923451,8.124537951,8.47604758,8.281776569,8.118090282,7.798256053,7.489776826,9.016178761,8.296213855,7.906020308,7.769128122,7.476637047,8.071464624,8.447036859,7.694614465,8.916087514,9.073237402,8.231715481,7.672011052,8.390190924,7.802145034,7.869654078,7.622334784,7.536432092,9.041032921,9.013434946,9.312781052,8.910705689,8.779764008,9.419394662,8.437977672,9.582619731,8.481718882,7.894859244,7.376675994,7.410421644,7.636118938,8.03836845,7.767068392,7.652137886,7.919057235,8.327781319,8.334429655,8.171993612,8.269218115,11.14036413,7.655576908,7.472412786,7.443368955,7.354557206,8.510989139,8.076536028,9.517220946,8.671702196,7.178485303,8.80422697,7.083326802,8.576375935,7.889426314,8.91225759,7.174242599,8.267219593,8.802958538,8.302516072,7.285725608,7.783223604,7.104850411,11.2541656,7.076968968,11.96335052,7.463209235
csbD_i_at,10.15891427,10.51731205,10.46019239,10.32496236,10.16476029,9.71320021,11.18094361,10.99710342,11.06073436,10.13649372,10.03841466,9.899259125,10.34713325,10.52652917,10.79373018,10.58797028,10.91607391,10.99933171,9.862630376,10.73663487,10.11054816,10.96521371,10.78028869,11.25829208,12.51760843,11.84573186,11.96618052,12.23067639,11.35433752,12.11075073,11.71056638,12.42480163,11.35668511,10.70457815,10.86245448,10.73281042,10.580265,10.99259525,10.6808494,10.79045921,10.77705136,10.69915152,9.923447029,9.626666098,9.622541434,13.32919877,9.634044853,9.921542153,9.56250948,8.847446013,10.11023694,9.980364669,11.50367489,10.20061801,10.79161311,10.83065363,9.944083817,10.89231161,10.28980091,10.52469548,9.759807342,10.31510454,11.13943182,10.43775846,9.240077452,9.82359384,9.966079809,12.57921337,9.477313605,13.2599567,9.426030982
GLPD_at,8.217490881,8.263028309,8.174403013,7.899505598,7.764991115,8.040709754,7.704861565,8.833623251,7.697901817,7.922477735,7.957234695,7.560029741,8.045336899,8.440218154,7.978925362,8.853341568,8.615880166,7.870573208,7.885583945,8.132916158,7.766728065,8.073347592,8.037616228,7.826297789,8.372848716,8.127278723,8.434784086,8.119698672,7.704013435,8.334676684,7.806260214,8.306281912,8.029980372,7.575987752,7.662727287,7.715900654,7.786115591,8.052517261,7.74552521,7.761737131,8.052810192,7.570228748,8.280315735,8.205312059,8.091833522,8.481824596,7.707907928,7.872655757,7.522702481,7.099331637,6.996308338,7.972377501,7.934214513,10.64052197,9.339017913,10.77377727,8.942165895,10.84308978,10.39257448,10.65744027,10.15778544,10.62902383,10.2333888,8.005658723,7.97724304,7.795801607,7.94649335,9.141707225,7.542063782,9.383914245,7.700865362
YPUG_at,7.655063846,7.92806938,7.549718582,8.004580219,7.912238117,7.692692594,10.19446871,8.104580476,9.433310078,9.255596714,9.413482427,9.546010129,9.351628009,8.501202832,9.514254893,7.794482266,7.797242443,8.639435812,8.847343093,8.164229596,9.127220929,9.089639314,9.762975534,9.480076702,7.535963891,7.435902242,7.050552447,7.257886294,6.573126656,7.128868731,7.085679837,6.885491421,6.702639971,6.938685261,7.074804721,7.159955051,6.953148604,7.009492708,7.217100217,7.05928708,6.737948557,6.969420753,8.33004921,8.392324651,8.258537786,8.034302125,8.698877878,8.799783645,9.060985766,8.418097924,8.867682055,8.271912048,8.765827542,7.753891768,9.334861785,7.432404004,8.512019697,7.614475352,7.979995221,7.631026471,7.380439314,7.805284713,9.12809209,9.469772903,8.442992225,8.456010991,8.817471686,6.75286643,8.312187654,7.204922819,8.49072243
RPSJ_at,9.720215156,9.448603136,10.30715456,9.75042317,8.26396098,9.426248003,7.59858982,9.943971753,9.184690355,8.163959446,8.387263833,8.1108593,9.277735084,10.02721922,9.143191791,9.883644337,10.04104002,9.38511966,8.567345078,9.680345767,9.412020575,8.456318301,7.747311739,8.457160835,8.125595403,7.123559135,9.035692108,8.965048013,9.826949688,9.191196467,9.222477501,9.846488634,9.539004163,10.13528346,8.330720646,9.515394855,9.586661169,8.837792033,9.978004271,9.350473644,8.928620376,9.819846141,8.925362392,8.636347082,9.442951199,8.882973454,8.640429305,7.588141724,8.062278463,7.079105685,9.167349255,8.499536941,9.920456626,9.419513764,7.388729596,9.721441683,7.784757973,10.00343923,9.886022929,9.443421183,10.54524553,9.096176509,9.038660536,6.773708016,7.326505815,8.389158256,8.745750376,10.68422327,7.730768745,10.53405813,9.255126773
YOQE_at,5.179872983,5.557690614,5.386385527,5.748795673,6.741336752,5.713939508,8.026274496,4.859324422,7.229287036,6.61622353,6.482678051,6.532119417,7.196233603,5.882340353,7.079826625,4.98295283,5.097486395,6.35893883,6.831823089,6.085770939,7.099932819,7.55583244,6.563010779,7.563538057,7.010748386,6.776691712,5.145352798,7.058347583,5.939116558,5.410130495,7.095818997,5.038068665,5.935924854,6.33712293,7.186594076,6.997512357,7.136179892,6.951301577,6.846190207,7.012418297,6.346723604,6.012780279,5.528312264,5.446645399,5.036415196,5.843570474,6.721605748,7.169302501,6.997039606,5.534882668,8.01892551,5.801535311,6.725682286,5.727297438,7.875611856,4.939106785,7.548549138,4.216579043,6.125226797,5.15250324,5.477151544,5.408859491,5.749126021,7.61496455,6.71505415,7.349472255,6.528637837,4.638967418,6.335748609,5.13079724,6.214976314
YTGA_at,9.267029768,10.29511288,10.96373201,11.09828951,9.270195805,10.80007079,8.70607367,8.659613078,9.128398192,8.282601401,8.48865226,8.355343829,8.659050545,8.690692898,9.475502697,7.832243408,7.36930322,8.972058591,7.848978765,7.944218158,8.628021917,8.366868693,9.093227516,8.438887193,8.732943097,8.74500027,8.365723529,8.685908173,9.681137747,8.434464154,9.547429288,8.009795082,9.644563063,8.46277328,8.258894624,9.745442666,8.531286975,8.399864522,9.711492998,8.423786638,8.207953781,9.651572475,9.075369968,9.212795092,10.02136318,9.992424361,11.46768114,8.714169097,9.716691625,8.660445756,8.794063518,9.054897289,10.20706133,8.260680688,8.752799254,8.272059668,8.467749963,8.136854139,8.366379115,8.019107689,9.157059024,10.03664273,10.58006565,9.171860479,10.52990647,10.86298695,10.53987204,10.24478311,8.86130386,9.147504172,8.322922569
YDCL_at,7.338803438,7.327812904,7.812680922,7.457066533,6.317138744,6.943132798,7.464505663,8.195622575,8.423680694,5.718697879,6.366826384,6.739236204,6.819971031,7.694876234,7.774747598,7.390880469,8.275400915,8.282631123,6.25726697,8.228058174,8.29648705,7.377784496,7.839804834,7.709878099,7.657465289,6.525028549,7.41608055,8.012163603,9.165057638,7.642821083,8.646551762,8.014215936,8.669699231,7.832403437,7.930520482,8.8297485,7.272886605,7.034976725,9.104999283,5.898191438,7.724037025,9.407626682,6.727859735,6.163256601,7.433700148,6.134758492,7.073806743,6.200853189,7.246511569,5.7361686,7.231612894,6.604520966,8.249156315,6.509883072,7.066703667,6.075982676,6.699576887,6.117299452,5.78559665,6.591175667,6.21926508,6.311683963,6.054924469,6.504775764,6.326775561,6.537990294,6.899385551,6.752308376,6.638792582,6.821454211,7.731054682
GAP_at,9.337290763,9.552590411,9.490808948,9.440669661,8.179045974,8.595223486,7.908538248,10.1646635,9.229350137,7.759310067,8.44489387,8.395031014,9.384707489,9.714901456,8.963659854,10.60420737,10.40700037,9.656342739,9.869605491,10.35742192,9.420262397,9.765376332,7.528302725,8.920563137,9.27941606,8.719278102,9.805078905,9.475059384,9.839062616,9.801684536,9.651243368,10.16577734,9.874390559,9.912099843,8.798110278,9.966561059,10.13752353,9.51877258,9.345011103,9.525369659,9.75042681,10.03644029,9.253832457,9.306487983,9.526051338,9.759962262,8.462442861,8.667271535,8.038698885,7.185151533,7.819404085,8.471339444,8.963202796,8.565839012,7.835632187,8.890149713,7.56730028,8.974524961,8.522694415,8.686983967,10.2882178,8.382592409,9.392813284,7.255964637,7.580604686,7.905343299,7.831608639,9.513953128,7.185787736,9.784536938,7.337176542
YUKE_at,9.57986637,9.351850921,9.015227537,9.021080399,8.759821919,8.209624247,8.822507729,9.295977697,8.83828005,8.841663561,8.352028789,8.080591176,8.832344785,9.111347296,8.491974468,9.678441173,9.720516518,10.55664904,8.988172247,9.355968016,10.28468317,9.191054928,9.968232019,8.872448317,9.408883441,9.498715436,9.644672512,9.25740389,10.88143836,9.431722075,10.45672076,9.359948229,11.04271006,9.472615331,8.712542269,10.70275181,9.360156981,9.073562653,11.04292939,9.048847879,8.818008871,10.78654443,8.908917106,8.252674835,8.483599632,8.858986134,8.432828027,8.367983257,8.063974537,7.534576109,7.872553791,7.933573033,7.758267706,9.245710714,8.613222587,9.902858022,8.249460499,9.789041678,8.918743172,9.95012242,8.820822288,9.441129611,7.679272853,8.233981561,7.638476444,7.776061581,7.813344343,8.172648963,7.727576399,8.243200182,7.434783559
YDCM_at,6.690011925,6.929254327,7.108691939,6.528182065,5.96012133,6.374825364,7.26527139,7.394201115,7.761696042,5.314697212,6.121532923,6.114562967,6.207328326,7.071619165,7.378076483,7.172920416,7.75941604,7.620687716,5.692426569,7.689633097,7.493897956,6.710590385,6.969458906,7.046541641,7.257927563,6.107336534,7.089434254,7.603273924,8.535284559,7.124245957,7.715373683,7.651645225,7.986464519,7.320286149,7.500586314,8.189165967,6.386958175,6.913109006,8.581980584,6.011916768,7.139564697,8.981047757,6.132702978,5.737544228,6.846965952,5.895441943,6.293535496,5.980739638,6.536698139,4.946694783,6.668930349,6.168793869,7.835909659,6.000897761,6.329278599,5.325529336,5.98674933,5.673803889,5.619398219,6.078535973,5.006222184,5.621104652,5.729590148,6.038541209,5.571897051,6.13266386,6.216257621,5.845748112,6.108878625,6.049565126,7.123600834
YRDD_i_at,6.750282154,7.094339593,6.62887496,7.631394957,8.121035059,7.398121969,9.843172828,6.12064075,8.614798765,7.817995218,7.692593806,7.961716575,8.17419071,6.704309239,8.356568253,5.925254455,6.389681789,7.254579285,7.456148971,7.104413968,7.848994824,8.726704128,8.303052828,8.96235034,8.795447494,8.742251185,6.946057351,8.256894728,7.157532111,7.325162136,8.420271232,7.003730657,7.1924207,8.447481777,9.211566536,8.885461185,8.666140731,8.308085676,8.598026345,8.508285666,8.360950966,7.904125264,7.206386675,7.434645619,6.813099277,7.32260682,8.105042517,8.618867515,8.593374126,7.958335279,9.826717653,7.592049919,8.125062758,7.37566101,9.388238849,6.973295262,8.886225919,6.70492601,7.817390366,6.819193928,7.650705634,6.993778103,7.459708439,9.057884059,7.812173859,8.376709071,7.90505222,6.218559653,8.341147475,6.195672504,7.673147007
RPSD_at,8.524826141,8.324664712,8.719771136,8.308497938,7.860623996,8.086672715,5.889624081,7.693260836,6.818498423,6.417252963,6.58980498,6.761652751,6.779631397,7.66815856,6.771796399,7.585404106,7.456038956,6.931166566,6.683703417,7.739555468,7.124436825,6.264626813,5.783707477,6.185536517,6.294841718,6.27463613,7.671812045,7.085240843,7.497466166,7.580399908,6.795680441,7.545906309,7.728947437,6.069516767,6.118296561,6.243309709,6.231226505,6.61581583,6.232642407,6.515515173,6.192521867,7.147859959,8.802398428,8.434513087,8.998408491,8.234205351,8.529870348,7.499441993,7.529426674,7.388234872,7.340346841,8.283943819,8.12292628,8.438610634,7.424316838,8.330121369,7.200142803,7.964339268,8.199063551,8.847253428,8.757833393,8.450754627,8.368457139,7.017564087,8.499840067,7.167239692,7.961832595,8.763752853,7.974221867,8.777039853,7.960729275
RPMJ_i_at,9.561919192,9.596464776,10.73487861,10.39189931,8.768921924,9.905524146,9.310672734,10.17140265,10.05322548,8.613929756,9.048321416,8.653622023,9.690925694,10.22258607,9.89642457,10.11210264,10.36697417,10.15187097,9.00196065,10.12082453,9.97156253,9.336010847,8.616568769,9.554744318,7.04547373,6.680286473,7.68096306,9.32264827,10.01239405,9.417682606,9.483123477,9.821954185,9.892371144,10.38220351,9.243418432,10.20788446,9.897947459,9.353619749,10.43534132,9.945285425,9.445552461,10.4771884,9.124087845,9.875209426,10.15328199,9.512827863,10.33528365,8.912120693,9.23845683,7.700196681,9.958244585,8.852541303,10.56263214,9.365184135,7.544548412,9.973466435,8.695720112,10.18376617,10.35847614,9.530172944,11.11027226,9.419201834,10.04165024,8.023255726,8.169776498,9.000395313,8.907061258,10.20457586,7.947642572,9.60460429,10.0147482
YTGC_at,8.800919743,9.682317836,10.53478686,10.62841898,8.716759564,10.30212973,7.769127531,8.292390054,8.427239715,8.222226007,8.019488445,8.263532376,7.670893739,8.272054369,8.627479174,7.635411597,7.713067156,8.188392546,7.777493072,7.505682727,8.002214863,7.619742717,8.525114943,7.701996089,7.875559361,8.193032034,7.886445902,7.857931959,8.990383511,7.781443729,8.561342837,7.576038402,8.725189507,7.870655291,7.234404442,8.896137231,7.870519089,7.720967402,9.020813255,7.844000451,7.516196673,8.723624208,8.689733285,9.259245312,9.550733463,9.67055132,10.93238231,7.917580585,9.289877841,8.545176208,8.141697272,8.661951991,9.5088281,7.83191664,7.900370209,8.055019145,7.897726784,7.782699849,7.872684169,7.653945432,8.907314463,9.638692755,9.833177186,8.27395162,10.00144725,10.0227399,9.787323595,9.721785672,8.137502884,8.582751765,7.935907715
YTGB_at,9.137717731,9.985904274,10.76776946,10.94820099,9.010967956,10.61216087,7.821201887,8.600324136,8.900587424,8.593433039,8.575102786,8.467773987,8.211395704,8.676545769,9.029389065,7.970295287,7.850224362,8.72415452,8.152511431,7.96796703,8.470046864,7.99693888,8.870692109,7.826281017,8.138824623,8.397109161,8.454066744,8.352869385,9.571186716,8.321298786,9.199785847,8.094380469,9.390476611,8.157395856,7.621932193,9.505081642,8.218940466,8.04198612,9.476277035,7.973329191,7.883435493,9.656668258,8.977543063,9.403059648,9.854389588,9.819418069,11.21472126,8.393295025,9.388634074,8.8365795,8.414117357,8.996827456,9.761608367,8.110475351,8.169489721,8.545944029,8.20511907,8.181456464,8.28850984,8.077758362,9.119448494,9.954338689,10.4788373,8.336503219,10.08154082,10.38415589,10.2640117,10.09565251,8.624908543,9.009673114,8.080599116
CARA_at,9.444016337,8.772469145,9.358131693,9.489766453,10.20305642,9.692607482,8.840449242,9.306783732,8.906300915,9.273884519,9.163612568,8.848300989,9.711197729,9.473354583,8.852670657,8.552562059,8.010124502,9.25624628,9.019816691,8.283139968,9.054015643,8.464704291,8.623983557,7.917965476,7.762412164,8.442923472,8.836589183,8.502297368,9.324410305,8.858264638,9.285393853,8.591549152,9.316669246,8.967737773,8.559813566,9.146897659,8.487703001,8.149118593,9.08233986,8.766143297,8.706787778,9.36643941,9.83659587,9.263003602,9.458153396,9.875692527,8.848876919,9.827394945,8.754808078,10.81606517,11.8530537,11.19768006,9.412058548,11.1398853,9.223906419,11.10496831,9.945099915,10.97298988,11.15009289,10.70254745,8.332713,9.944360738,8.827168391,9.772978241,8.875560008,8.902011556,8.787562237,11.13051972,8.702208336,8.512637437,8.858289899
YUTI_at,11.14965831,11.38570187,11.12538285,10.83390027,10.27853512,10.08583212,9.1920889,11.08786704,10.89011292,10.34194616,10.17842001,9.999552335,10.84004234,11.00726913,10.61946527,11.60000309,11.63306706,10.74551001,10.62328022,11.51062778,10.06286971,11.08975114,9.808469821,10.73723572,10.98072133,10.67928831,11.47764169,11.45497007,10.90487023,11.6372424,11.3060676,11.74061612,10.93724851,11.21063975,10.59039343,10.08946242,11.13809476,11.41721872,10.31503386,10.44339403,11.13650117,10.10949407,10.45460977,9.737462262,10.22720162,10.50914963,10.51517675,10.11023517,9.465586414,8.284786676,8.676367094,10.3063666,9.335092806,10.74460471,9.712461014,11.0375651,9.159065616,11.44329434,10.97495675,11.25178067,11.00162178,10.76657663,9.798951438,8.483961799,8.595074453,9.422727423,9.179678861,10.15221447,8.607382204,10.19931082,8.608893894
YUSG_at,10.23682714,9.836497744,9.926731809,10.12887462,8.666635251,8.527856475,8.076651381,9.784327661,9.53298684,8.609351913,8.525593009,8.381391052,9.370736781,9.662303214,9.058380639,9.90513616,10.03571474,10.05140503,8.655709337,9.301934873,10.04672505,8.762078501,8.713470732,8.574269444,9.281395105,9.323833646,9.425973638,8.836613846,10.09565029,9.305105742,9.710671318,9.574145595,9.815599852,9.834959472,9.184290932,9.94504227,9.220926314,9.215773359,10.16476304,9.009183175,9.236536824,10.31820459,8.976658597,8.559626986,9.089086385,8.899228688,8.832108318,8.549950915,8.046140116,7.051424029,6.918847168,8.581354275,8.110009781,9.362497292,7.531630469,9.705754083,7.546694623,9.411881467,8.849695341,9.469295001,8.791519241,9.145237853,7.959998533,7.170243442,7.164490071,7.773720556,7.766116481,8.853670267,7.370487476,9.202902331,7.395181756
YOCA_at,9.723020356,9.474649813,9.193713329,9.021925127,9.38406664,9.120608599,7.68806201,9.538351075,8.947421228,8.418291666,8.732137343,8.17081852,9.251755086,9.723466044,8.737493152,9.857431617,9.705332624,8.64868802,8.573268846,9.130241421,8.266387037,8.678437102,7.579507911,8.317567554,7.859701099,7.794864951,8.841674434,8.205468851,7.867131432,8.83205753,7.549407567,8.925906839,7.668978438,8.806804389,8.11886184,8.360145445,8.089415571,8.520830424,7.988219504,7.987195269,8.207358968,8.209589477,9.236577255,8.022914144,9.230070226,9.41239155,8.380000842,8.629378459,7.766667626,7.354567371,7.534235014,8.974584675,7.681371634,9.897097713,6.912330364,10.00392023,6.114064251,9.827994172,9.47190175,10.12445354,8.22328637,9.019638364,7.881363124,7.650149129,7.30917533,8.590693215,7.805237971,10.10181038,7.496234411,10.00721933,7.366520665
XHLA_at,11.02548551,9.390483508,10.24118525,10.25527834,9.83344544,9.264428527,10.0529141,11.33431085,10.04878012,11.82544683,11.29472666,9.929545552,11.52314289,11.05404537,9.556983759,10.72783571,10.64873281,9.40546314,12.23043077,9.454634218,8.845060388,9.88258302,9.292163094,9.374516025,9.173124285,9.563860715,9.47620468,9.256344534,8.256752546,9.341800498,8.562123192,9.474626312,8.420288418,10.76088999,10.36234677,9.217314556,10.5571658,10.35305835,9.021694179,10.13782248,10.71477371,9.061311191,9.691266507,9.301319113,9.183109113,10.12336875,9.383508855,9.778143712,9.537277844,7.895868029,7.592769378,9.87822193,9.644146255,11.00259346,9.151183349,10.157232,9.81812474,9.86628838,9.794870281,10.25961679,10.14611652,11.07605367,9.953769031,10.3656266,8.949002181,9.684065077,9.243952877,9.985105849,9.495624509,10.25152246,9.921284226
YHEF_at,5.451832358,5.535490736,5.408956876,5.860345745,6.871533698,6.749957445,7.040257627,5.089721005,7.478077519,7.145040211,7.977469342,8.351103088,7.173488442,5.890943367,6.998445374,4.706709972,4.699022949,6.043009718,7.627984809,6.656298578,7.727294366,6.9727383,6.567568398,7.290823763,6.973300137,6.470050571,6.154694527,6.383475633,6.049371655,6.248679016,6.867257773,5.884643389,6.046860013,6.056718008,6.810723747,5.709193346,6.463503799,6.952923817,6.112679795,6.852307911,6.069090372,6.348743064,6.473044871,7.174446449,6.451268145,6.427030151,7.560064056,6.953791143,7.572350377,8.585925158,7.993196077,6.68456604,6.668569418,6.648492849,7.706145985,6.665564409,7.213006222,6.646259109,6.879009343,6.007880847,7.101354322,5.549127827,8.146533559,7.540209961,7.932719439,7.749693807,7.311465917,5.743716273,7.991509803,5.847082573,8.145065218
YHAY_at,6.606309138,6.767642285,6.783450336,6.292537044,8.317456733,8.735234293,6.724466329,7.583238859,7.398190621,8.817873919,9.51380705,8.945779972,7.685947234,8.103795096,7.626982425,7.314945005,6.691300505,6.8106901,8.765077128,8.007557926,8.422663247,7.484640941,8.18683126,7.680068884,6.901762971,6.891230079,6.722866613,7.017210118,7.737152907,7.408724916,7.665299682,7.713532775,7.594392466,7.288392691,7.509602706,6.4577436,7.494547783,7.260444059,7.766800174,6.373753938,7.74835494,7.460327916,8.591779736,8.922799894,9.576358903,8.584761996,7.636162558,7.828266023,7.956513727,10.7130453,7.889840846,8.766129383,7.819118776,7.844017029,7.403520515,6.747382408,7.183398035,6.566580612,6.955504489,7.403173623,6.669965533,8.170830676,9.226443827,6.61322066,8.380495336,6.716987619,7.502379727,7.238788665,8.054426573,7.659290063,8.13113864
YOQG_at,6.056884592,6.660814457,6.141383948,6.78284608,7.218239604,6.523379623,8.395407968,5.604411581,8.153854212,7.166152711,7.112523716,7.045587593,7.583922665,5.986764774,7.31158164,5.749826593,5.900248281,6.526266561,7.234758028,6.575042519,7.799141736,8.036723796,7.377248053,8.404583501,7.477015844,7.386238948,5.42044718,7.435934164,6.524358936,6.350698097,7.562048834,6.140261449,6.472983419,7.689357749,8.366275039,7.948697373,7.987053693,7.50661241,7.71186462,7.604191958,7.611087923,7.195864748,6.436506285,6.587030943,5.999905625,6.495569877,7.457122323,7.872856158,7.585501965,6.662784388,8.680000001,6.516815103,6.918064841,6.84709288,8.110379347,5.415364295,8.079628935,5.110725355,6.9842986,6.025951602,7.127865181,5.622268185,6.407764423,7.94981414,6.945275823,7.715212162,6.864855165,5.383878283,6.846758135,5.499320321,7.022501687
YCIB_at,8.847554205,8.633490046,8.641384143,8.263664729,6.506940601,7.790191174,6.714144005,8.550649513,7.209619051,6.295024108,6.936020834,6.875960582,6.319953456,7.902981321,7.43530986,5.800036522,5.830914436,6.252907373,5.874677441,5.844363593,6.079272922,6.427725626,6.851133404,6.511670115,6.863101288,7.100719906,6.509327465,6.632273808,8.439285524,6.12636756,7.91796762,6.315715274,8.872431103,6.299456132,6.524098808,7.869857443,6.457767703,6.028864136,8.639609241,6.702858911,6.479611699,8.94807747,7.954421268,7.332081622,8.015268765,7.312220828,6.89351818,7.296777552,6.880963045,6.042418714,6.6035666,7.658194773,7.126720045,6.494677215,7.022405112,6.733388967,6.587303036,6.28949796,6.104168522,6.34733234,5.642882351,8.089467235,6.7224891,6.783239408,6.826426695,7.232102117,7.268030445,7.64203566,6.570761127,6.770733392,6.633488784
ILVC_at,10.81036338,10.17806284,10.66371631,10.59717567,9.890445282,9.758061678,9.206479425,10.52569524,9.925741631,9.813677472,9.467080792,9.460297178,10.53227206,10.49447333,9.850980737,9.993185009,9.909131692,10.33619789,9.040488053,9.853018141,10.21937819,9.628917675,9.029944718,9.184076528,10.50027187,10.26294494,10.72588156,9.988099818,10.96474881,10.18436858,10.31698925,10.52474123,10.91158821,10.59989831,8.954304069,10.40050378,10.48742917,9.516696327,10.68013841,10.39323678,10.07253746,10.52860194,10.38422141,10.39510239,10.63243546,10.25980177,9.442999611,9.697053694,8.717740359,8.641317484,7.327134157,10.36926392,8.367590838,10.2757137,8.389898866,10.76678399,8.385033506,10.75701085,10.28305333,10.42382982,8.759309197,10.1165597,8.490083328,8.120842707,8.566208334,9.415188518,9.235894911,8.312209405,8.213967157,8.489158153,8.670511566
LICA_at,10.32700569,10.20957888,10.00490423,9.770838109,9.228601945,9.472085629,8.705938025,10.12814483,8.877437488,9.174331348,8.736230896,8.292818589,8.493988738,9.869838185,8.943093439,11.64710162,10.69199928,10.80493478,10.70154275,10.41696281,9.990052195,10.93359966,9.666182866,9.70333587,9.848625946,10.46954212,10.47972293,9.904574155,10.57424311,10.75036252,10.92503848,10.57983973,10.21090996,10.4583766,9.704153757,10.39783946,10.66804434,10.40850093,10.23455025,10.1692952,10.1973339,10.1895633,9.439935644,9.412099218,9.465929539,9.741262955,9.017217987,8.911819549,8.515797074,7.793140263,8.248168078,9.388829001,8.999671405,9.543520377,8.475976461,9.917423387,8.00731134,9.989248448,9.229123715,9.801072266,8.78815579,9.608728546,7.960784098,8.705314542,8.901405092,8.907268675,8.927700815,10.22234084,8.304257567,10.35584287,8.476587575
ABH_at,10.28711195,9.862287052,9.676720016,9.680562226,8.55195281,8.748767462,8.751813065,10.28784843,9.272632953,8.839805236,8.540632282,8.606369309,9.35540146,9.806513582,9.142939212,10.0751418,10.5359638,10.38531259,9.293582917,10.30227997,9.496962064,10.03200813,9.320293082,8.632215978,7.217780095,7.782227545,8.462042663,7.800834861,8.300037822,8.285153864,7.92051319,8.950080004,8.180562239,8.309905312,8.336562597,8.804788229,8.744028909,8.972144315,9.049932354,8.298350622,8.383672903,8.688760842,8.864504012,8.280680526,8.463461514,9.38597104,8.58522708,8.591362905,7.80910103,7.034609619,7.181585336,8.815764481,7.966027146,9.387503869,7.520724998,9.364220801,7.568535901,10.00073738,9.686395474,9.863264498,9.59221333,9.575077858,7.737344102,7.803988931,8.271224198,8.744824333,8.267227353,9.562705631,7.476788001,9.307738795,8.043473664
YCGM_at,8.408360781,8.709506508,10.25638531,10.36797806,7.78300203,8.028945996,8.246427776,9.248963855,9.508629181,7.910544525,7.744787907,8.515571943,8.619055296,9.48446477,9.211772383,8.202778692,8.161316704,10.40002058,7.685422783,7.957903529,10.15057201,7.784012571,8.399904768,7.70055037,8.08665835,8.093507211,8.131545676,8.236305714,9.901383474,7.788426755,9.389963997,7.830350967,10.12913222,7.931307693,8.058810531,9.345760219,7.931107635,8.126555093,9.192114429,8.264088713,7.316102388,10.19175639,7.747603668,9.801024266,10.17865034,7.341975157,9.276787952,7.856725403,8.730091358,7.718539848,7.838329318,7.468097623,8.401032003,8.026062261,7.910511625,8.025134091,7.857145227,8.008143956,7.846848752,7.475869798,7.580649975,7.567261793,7.989411808,8.039611053,7.884698462,7.805192377,7.814990377,7.678604124,8.081453273,7.751954924,8.081284682
YOSJ_at,6.619557029,6.241551485,5.878157112,6.684299809,7.316119541,6.751603837,8.811907308,5.848553501,8.078513869,7.022710687,7.148847837,7.236788326,7.159047227,5.657884006,7.297720674,5.476512274,5.965936674,6.70682188,7.564633555,7.004612845,7.484402327,7.983301671,6.655476499,8.309174981,7.939876388,8.180110165,5.855803914,7.475104529,6.257784004,6.707358957,7.587247894,6.464082489,6.467787959,7.13195662,7.916360081,7.642749779,7.707663281,7.491915204,7.117921515,7.635609044,7.533212957,6.689677629,6.549101299,6.913505531,6.225195718,6.678528738,7.570642863,7.626131486,7.722892138,7.12759886,8.857943864,6.825068836,7.273387164,6.690661007,8.580931361,5.076531629,7.8200949,5.644589602,6.768972477,6.234845298,6.241714364,5.774045309,6.683487019,8.213297373,7.261914674,7.759652696,7.163340765,5.255907025,7.461297218,5.408142171,7.237175447
YVFL_at,7.866970908,8.074678776,7.843121414,7.711682778,7.947859848,8.331082944,7.475318042,8.370133432,7.427618546,7.942406705,7.766509302,7.587268738,8.137371889,8.631460412,7.864206933,8.483621893,7.776711643,7.602518389,7.391289435,7.188983426,7.70172714,7.402799066,7.707069398,7.4315986,7.54467839,7.612936198,7.649671345,7.305989529,7.271693355,6.776926268,7.160172414,6.813108694,6.768718096,7.366351858,6.247550269,7.013510852,7.414533233,7.031513053,7.395056916,6.870189011,7.060516142,7.312694666,7.670762667,7.229649352,7.516413867,8.002387873,7.548630082,12.2796928,11.05368301,8.025477737,7.686181303,7.949509055,7.885665199,8.195159703,7.281009507,8.808102317,7.481957443,9.119503945,8.470381075,8.375335573,7.223370448,7.276565341,7.505623315,7.395436309,7.590643461,7.46407937,7.297061481,8.172737973,7.665253444,8.305649049,7.886546099
PURB_at,10.46779943,10.27367862,10.17081885,10.15229985,9.695923144,10.09001551,8.758389033,10.02744649,9.524547031,8.776106268,8.95619152,8.743333478,9.874474647,10.04446901,9.285059217,11.06406843,11.32779931,9.983632436,9.964203108,11.21757784,10.01966536,10.19488257,8.22777658,10.03813597,9.048836034,8.52387715,9.420215552,9.280768382,10.20719742,9.995695344,9.555248023,10.20177631,10.14777887,10.58997694,9.647232759,9.391330622,10.08523472,10.07935961,9.910259297,10.61683778,9.932648939,10.25690707,9.71869539,8.477275894,9.555290083,9.37379999,9.642227543,9.234861329,8.960443649,9.922100949,10.47330057,11.1646868,11.19233584,9.87856183,8.712940548,9.887717239,8.82570523,10.34663246,10.0323095,10.40457164,10.28366259,9.609781108,9.733468957,8.689893311,9.956800831,11.23980705,10.09624334,11.77127947,9.872379171,12.87143048,11.98957215
YXLJ_at,9.108447775,9.558391926,10.55955617,10.51344373,8.869382836,11.26014765,8.132712332,8.885213289,9.113400669,8.973105345,9.147983996,9.968531632,8.463202492,8.914559853,9.652575324,8.664753681,8.973626108,8.627637637,8.751889173,8.924953958,8.420063962,8.146732187,8.647300036,8.693346747,8.574671262,8.967555129,8.580348827,8.886550416,8.826806437,9.047653423,8.972978778,9.12646329,8.661126285,8.620134616,8.545101653,8.718560725,8.351641345,8.791138766,8.686513978,8.609684717,8.843708201,8.803008588,8.671677007,10.0311561,10.43451677,9.226909661,11.1243881,8.216755931,9.977006849,9.316714517,11.35391372,9.076115327,10.95768654,8.817802844,9.603360209,9.056619582,9.260013994,8.880874014,10.10774436,8.740093203,9.87471411,8.689704333,10.20341191,8.095942643,10.74004439,8.342600917,10.77330202,9.063308785,10.51789326,9.030595501,11.15322675
ALD_at,10.20843539,9.80585216,10.04203372,10.20461032,9.044819339,9.439957162,8.997554945,9.977935476,9.47520358,8.727766562,8.482409646,9.203151289,9.500223109,9.803346377,9.386395991,10.49311093,11.78955004,9.155903774,9.717299998,11.46379383,9.040195439,9.872831807,7.99153982,10.51290647,9.460448579,9.75601084,10.32154176,9.658196387,9.750724187,10.22899471,9.42612011,10.5090172,9.646049138,10.79226508,11.00420986,10.07478539,10.70401801,11.35984794,9.862447547,11.1208481,11.41576716,10.60108201,9.611751657,10.57782111,10.23616283,9.469135901,9.743287012,9.357953538,9.091082886,9.062939125,9.690457928,9.733665734,10.10160616,9.361692117,7.864261898,9.677445492,8.184812261,9.730404632,9.316556678,9.667739832,10.50476916,8.601388394,9.30510598,8.74922159,8.985172556,8.823159164,8.804885842,10.4356707,8.832490489,11.47843974,9.995975443
TRXA_at,11.30544384,11.09806953,11.11781106,10.94916742,9.654971731,10.37035094,9.949558508,11.15019699,10.63286325,10.17500583,10.43859525,9.746613501,10.89066219,11.1344122,10.48246896,11.34992042,11.16796882,10.24352614,10.3824551,11.18848127,10.0301332,10.58714583,8.659950959,10.52909967,10.68041947,10.471216,10.73351871,10.74472397,10.63466862,11.01314092,10.401114,11.08467725,10.34270079,11.04721648,10.79298623,9.620176378,10.9178159,10.85338558,9.952617644,10.89566158,10.82167626,10.20788194,10.08033212,10.18395763,10.31164225,10.64171861,10.77524378,10.22420092,9.878745786,7.307268353,7.727113461,9.888344493,10.02661309,10.99573421,8.739791383,10.74848861,8.637332064,11.15213163,10.40310787,10.81089969,11.15496918,10.62553112,9.966926827,8.871474375,9.24637418,9.262950157,9.614284839,10.37777853,8.741365384,10.46951433,9.204763821
XHLB_at,11.21417786,10.02439354,10.45285577,10.58345379,9.965530068,9.567044847,9.80053702,11.36780877,9.994277753,12.06518919,11.31194754,10.10952716,11.7111722,11.28456334,9.453067574,10.74568883,10.74505896,9.44962086,12.34502211,9.685760604,9.22250485,9.943655738,9.551755275,9.502698651,9.261116741,9.864905478,9.739430771,9.316593467,8.449382589,9.557267752,8.780156448,9.727923758,8.675303865,11.00899286,10.37775077,9.24425884,10.68661538,10.37975838,9.353669377,10.13335528,10.99707813,9.384749523,9.942214404,9.575974836,9.354175765,10.29748278,9.55043544,9.817240305,9.790405335,8.260439363,7.990241603,10.11942193,9.91097466,10.93541875,9.202390339,10.35743642,9.460931389,10.04580516,9.884078848,10.4629884,10.38102982,11.37440942,10.35216487,10.55780414,9.230743444,9.850179787,9.517284809,10.23847276,9.641314348,10.47237135,10.25406343
YORQ_at,4.807073755,5.868419367,5.368700838,5.515084103,6.341615836,6.083170894,7.036343841,4.572176061,7.193957715,6.830888128,6.940453056,7.049649756,6.137317898,5.001974269,6.217491308,4.779374727,4.969783415,4.909400187,7.333725709,6.556210642,7.828873969,7.388188032,7.654078521,7.228394274,6.428989419,6.277675305,4.807168802,6.094165482,5.758869325,6.396904756,6.847129911,5.707761492,5.794387598,6.059478088,6.289810101,6.229854217,6.403482958,5.429667739,6.668560473,5.910511339,6.264120058,5.709509867,5.880592841,5.602527476,5.279188527,6.363731646,6.729723458,6.293807725,7.256795507,6.730458645,8.7506114,5.963443497,6.288405792,6.5066286,7.133970755,5.310093143,7.203205613,6.159663316,6.411193155,5.579557593,7.27623301,5.721950764,6.836652767,6.623358539,6.60070323,7.207620616,6.45805003,5.226732115,6.829511485,5.137407544,7.286267643
RPSG_at,9.648536217,10.15888656,10.36642951,10.07200111,8.902240392,9.696764353,8.112694443,10.07361492,9.72434538,8.444746714,8.918511427,8.810027269,9.575040142,10.05901733,9.16607994,10.05280318,10.1450292,9.731128052,8.688321943,9.6762791,9.61708218,8.559394725,7.335031946,8.454460442,7.748147056,7.128751331,9.197355513,9.172205907,10.23160364,9.836417638,9.453202565,10.16551896,9.942312324,9.49788779,8.874263283,9.120761738,9.617602461,9.189729205,9.511727746,9.258606606,9.367097412,10.06254422,9.475448793,9.695247893,9.900181891,9.491454264,9.980075476,9.073480768,8.710425644,7.866659891,9.28656634,9.359494863,9.864357259,9.78893556,7.570067432,10.40773599,8.860784685,10.29604883,10.19644572,9.919316497,10.88800344,9.356502344,9.077732134,7.470276616,8.605652747,8.94861295,8.751832729,10.95909883,8.040648398,10.60600502,9.294438708
YBFG_at,10.22838132,9.55734123,9.773091979,9.552596673,9.686840385,9.272275512,9.279680698,11.00663462,9.868643366,11.22010299,10.89842852,9.496214466,11.1324362,10.74981484,8.950407022,10.36349929,10.35422555,8.450376315,11.6081826,9.398944498,8.227539782,9.523810281,8.689207238,9.08309517,8.721041236,8.669637582,8.889530094,8.673375024,7.923712303,9.073709892,8.447466126,9.348404803,8.107715349,10.01570809,9.315008959,8.472393313,9.850471885,9.586325023,8.659199464,9.245875959,9.967556871,8.628974415,9.599717277,8.955719988,8.934678262,9.959581493,9.110787931,9.790444652,9.170170641,7.550240583,8.417106976,9.841613483,9.368842367,10.29775962,8.743371755,9.685175314,8.85619336,9.798618152,9.398043774,9.824814723,9.944399666,10.95443532,10.02685288,10.5758382,8.903065352,9.639400505,9.19137551,9.973118177,9.400182287,10.43387079,10.24670789
ABRB_at,10.20827324,9.500023479,9.473917047,9.788725394,8.490846628,8.603118426,8.905995569,9.939948606,9.593209807,8.324694442,7.794797485,8.506239676,9.462897369,9.671816142,8.77014129,10.04080144,9.929397567,10.4755834,9.253776671,9.688242238,9.969995086,9.464803173,8.983469611,7.433181774,8.684817273,9.067789047,9.924016826,8.388094537,10.02858152,8.980654762,9.184677587,9.58875047,9.894268545,9.315068112,8.216626282,10.03344352,9.040486725,9.236902786,9.536533931,8.88157842,7.957093711,10.22202677,8.474208633,9.077438587,8.876920374,8.286118004,8.73151918,9.035854011,8.392933849,7.799263525,7.339520885,9.293179284,8.784216138,9.860094353,7.213093777,9.749931105,7.587732506,10.15094217,9.318714946,10.30646268,9.38305093,8.670277739,7.777500564,8.204964602,8.574590721,8.900804177,8.482042131,9.749417679,7.148842497,9.762121937,8.050808434
PCKA_at,11.24291687,10.91109318,11.06265016,10.8703853,9.843860283,10.88641094,9.923497321,10.85419125,9.807272506,10.12358033,10.1037353,9.204825019,10.73276895,10.74438233,9.754142159,10.47809001,10.31817566,8.288449647,9.800017432,9.935222699,8.201591621,9.461139886,8.637845877,9.472971733,9.185908886,9.315618941,9.708903239,9.135900254,7.9834021,9.341965732,8.301454732,9.303005347,7.763163452,9.577385994,8.943140219,8.761853518,9.48864001,9.390376478,8.485584823,9.364217245,9.388834157,8.522127317,11.10842964,10.1729577,10.60220826,10.46554885,10.44894702,10.74120274,10.0534007,8.851323104,9.084278561,9.798531741,10.1982734,8.947047299,8.792905872,8.984035369,8.618243746,9.21120202,8.956898098,8.96516832,9.038302449,9.584051337,9.634112055,9.494922969,9.292001263,9.457985313,9.187109843,10.4411154,9.064846742,10.47418218,9.026773303
YDII_at,11.00789945,10.90902491,10.54398308,10.36951038,11.14788112,10.57673975,9.207422734,10.91739089,10.13176094,10.30203864,10.47167668,9.579212135,10.70940423,10.96924895,10.34436741,11.55219708,11.5995014,10.41283407,10.81715512,11.25797695,10.06455262,10.89999714,9.213473904,10.93439103,10.07206856,9.806877456,10.36353843,10.09400624,10.19085963,10.37367325,9.857551717,10.46593678,10.03705087,10.29368907,10.05477048,9.193983517,10.20762323,10.4292856,9.29122889,9.753528155,10.8471757,9.658202482,11.21322704,9.986876536,10.40892437,11.17130581,9.884912863,10.91893489,9.356971267,9.237712938,8.643298357,10.97624654,9.570197759,11.32607954,8.818014028,11.66408195,9.196890546,11.58764615,10.89429061,11.41826441,10.55900357,10.92832811,9.152801779,9.01476339,8.507684627,10.01995322,9.083986695,10.47030306,8.329798802,10.79767604,8.911525246
YCKE_at,10.32056664,9.899712336,9.73651109,9.799847292,9.580475822,9.867963019,9.067944412,10.12278176,8.846387063,9.606719374,9.672739464,8.869889086,9.398447046,9.450793735,9.180404044,10.73252185,11.44243405,9.378861163,9.925567457,10.99977824,8.761208765,10.0055922,8.667696516,10.44675475,10.02406632,9.81317797,10.2653674,10.23321658,8.947975966,10.36054996,9.461440238,10.65330613,8.910235586,10.59422149,10.67691161,9.117911998,10.21460444,10.84391828,9.332762133,10.23638056,10.89248437,9.544406777,9.781943843,8.7276483,9.130122319,9.784189258,8.792611545,9.024388331,8.568975658,8.167203875,7.854940979,8.980774441,8.303266772,9.13633099,8.192898134,9.700601214,8.299409064,10.48327316,9.45173035,9.760385143,9.164827401,8.721209647,8.102664394,8.673696543,8.248960481,9.30475485,8.195504658,9.841952041,8.409031286,9.987415389,8.659484368
